timestamp,x,y
0.17731690406799316,0.0,0.0
0.1943192481994629,0.0,0.0
0.2167809009552002,0.0,0.0
0.23434805870056152,0.0,0.0
0.2542552947998047,0.0,0.0
0.27437424659729004,0.0,0.0
0.2943079471588135,0.0,0.0
0.316791296005249,0.0,0.0
0.3343160152435303,0.0,0.0
0.3543365001678467,0.0,0.0
0.37441039085388184,0.0,0.0
0.3944430351257324,0.0,0.0
0.4143662452697754,0.0,0.0
0.436814546585083,0.0,0.0
0.45438647270202637,0.0,0.0
0.47438883781433105,0.0,0.0
0.49453282356262207,0.0,0.0
0.5160796642303467,0.0,0.0
0.534400224685669,0.0,0.0
0.554443359375,0.0,0.0
0.5744550228118896,0.0,0.0
0.594423770904541,0.0,0.0
0.6144335269927979,0.0,0.0
0.6348657608032227,0.0,0.0
0.6546709537506104,0.0,0.0
0.6742966175079346,0.0,0.0
0.6942691802978516,0.0,0.0
0.7169086933135986,0.0,0.0
0.7342722415924072,0.0,0.0
0.7541964054107666,0.0,0.0
0.7743573188781738,0.0,0.0
0.794374942779541,0.0,0.0
0.8141803741455078,0.0,0.0
0.8341875076293945,0.0,0.0
0.8541476726531982,0.0,0.0
0.8742563724517822,0.0,0.0
0.8942618370056152,0.0,0.0
0.9142823219299316,0.0,0.0
0.934180736541748,0.0,0.0
0.9540979862213135,0.0,0.0
0.9742939472198486,0.0,0.0
0.9941771030426025,0.0,0.0
1.0142796039581299,0.0,0.0
1.0342552661895752,0.0,0.0
1.0543396472930908,0.0,0.0
1.0742881298065186,0.0,0.0
1.0941801071166992,0.0,0.0
1.1142370700836182,0.0,0.0
1.134310245513916,0.0,0.0
1.1543385982513428,0.0,0.0
1.174302339553833,0.0,0.0
1.1945152282714844,0.0,0.0
1.2143752574920654,0.0,0.0
1.2345788478851318,0.0,0.0
1.2545127868652344,0.0,0.0
1.2745466232299805,0.0,0.0
1.2943894863128662,0.0,0.0
1.3145484924316406,0.0,0.0
1.3344957828521729,0.0,0.0
1.354501724243164,0.0,0.0
1.37449049949646,0.0,0.0
1.3943336009979248,0.0,0.0
1.4145228862762451,0.0,0.0
1.4346277713775635,0.0,0.0
1.454498529434204,0.0,0.0
1.474562406539917,0.0,0.0
1.4966139793395996,0.0,0.0
1.514542579650879,0.0,0.0
1.5346741676330566,0.0,0.0
1.554621934890747,0.0,0.0
1.5743753910064697,0.0,0.0
1.5960283279418945,0.0,0.0
1.6144349575042725,0.0,0.0
1.6344354152679443,0.0,0.0
1.654362440109253,0.0,0.0
1.6743574142456055,0.0,0.0
1.6946332454681396,0.0,0.0
1.7144701480865479,0.0,0.0
1.7356846332550049,0.0,0.0
1.7543749809265137,0.0,0.0
1.7754442691802979,0.0,0.0
1.7943308353424072,0.0,0.0
1.8143680095672607,0.0,0.0
1.8344674110412598,0.0,0.0
1.8559634685516357,0.0,0.0
1.8743312358856201,0.0,0.0
1.8943281173706055,0.0,0.0
1.9142932891845703,0.0,0.0
1.934338092803955,0.0,0.0
1.9544134140014648,0.0,0.0
1.9743785858154297,0.0,0.0
1.994290828704834,0.0,0.0
2.014277219772339,0.0,0.0
2.0357770919799805,0.0,0.0
2.054274797439575,0.0,0.0
2.074306011199951,0.0,0.0
2.0944199562072754,0.0,0.0
2.114440441131592,0.0,0.0
2.1344263553619385,0.0,0.0
2.154515027999878,0.0,0.0
2.174433946609497,0.0,0.0
2.194457769393921,0.0,0.0
2.214552164077759,0.0,0.0
2.2344701290130615,0.0,0.0
2.2544186115264893,0.0,0.0
2.2744526863098145,0.0,0.0
2.2943949699401855,0.0,0.0
2.314440965652466,0.0,0.0
2.3344438076019287,0.0,0.0
2.354403257369995,0.0,0.0
2.374394655227661,0.0,0.0
2.394365072250366,0.0,0.0
2.4143190383911133,0.0,0.0
2.434358596801758,0.0,0.0
2.454218626022339,0.0,0.0
2.4754652976989746,0.0,0.0
2.494455337524414,0.0,0.0
2.514303207397461,0.0,0.0
2.5342233180999756,0.0,0.0
2.554374933242798,0.0,0.0
2.5742757320404053,0.0,0.0
2.5941827297210693,0.0,0.0
2.6141867637634277,0.0,0.0
2.634291410446167,0.0,0.0
2.6541898250579834,0.0,0.0
2.6742165088653564,0.0,0.0
2.6941750049591064,0.0,0.0
2.714195728302002,0.0,0.0
2.734297752380371,0.0,0.0
2.7541894912719727,0.0,0.0
2.774468421936035,0.0,0.0
2.7941882610321045,0.0,0.0
2.8144443035125732,0.0,0.0
2.8343353271484375,0.0,0.0
2.8543524742126465,0.0,0.0
2.8753645420074463,0.0,0.0
2.894273519515991,0.0,0.0
2.9146127700805664,0.0,0.0
2.936741352081299,0.0,0.0
2.9569714069366455,0.0,0.0
2.974452495574951,0.0,0.0
2.9947099685668945,0.0,0.0
3.014625310897827,0.0,0.0
3.0369515419006348,0.0,0.0
3.0541296005249023,0.0,0.0
3.077118396759033,0.0,0.0
3.0960099697113037,0.0,0.0
3.114326238632202,0.0,0.0
3.1343092918395996,0.0,0.0
3.1542978286743164,0.0,0.0
3.1749167442321777,0.0,0.0
3.1943135261535645,0.0,0.0
3.2143044471740723,0.0,0.0
3.2347893714904785,0.0,0.0
3.254305362701416,0.0,0.0
3.2761340141296387,0.0,0.0
3.294276714324951,0.0,0.0
3.3151464462280273,0.0,0.0
3.3343288898468018,0.0,0.0
3.3541877269744873,0.0,0.0
3.3786420822143555,0.0,0.0
3.3990824222564697,0.0,0.0
3.4143314361572266,0.0,0.0
3.436136245727539,0.0,0.0
3.4542503356933594,0.0,0.0
3.474292039871216,0.0,0.0
3.4958596229553223,0.0,0.0
3.5172412395477295,0.0,0.0
3.53477144241333,0.0,0.0
3.558128595352173,0.0,0.0
3.5742175579071045,0.0,0.0
3.594247579574585,0.0,0.0
3.614856719970703,0.0,0.0
3.634190320968628,0.0,0.0
3.6541900634765625,0.0,0.0
3.6741950511932373,0.0,0.0
3.6941874027252197,0.0,0.0
3.714179754257202,0.0,0.0
3.7341482639312744,0.0,0.0
3.7541627883911133,0.0,0.0
3.7742326259613037,0.0,0.0
3.794188976287842,0.0,0.0
3.8141844272613525,0.0,0.0
3.834225654602051,0.0,0.0
3.8541595935821533,0.0,0.0
3.8743011951446533,0.0,0.0
3.897226572036743,0.0,0.0
3.9142510890960693,0.0,0.0
3.9343276023864746,0.0,0.0
3.9543209075927734,0.0,0.0
3.974374294281006,0.0,0.0
3.9942219257354736,0.0,0.0
4.014236927032471,0.0,0.0
4.0342230796813965,0.0,0.0
4.05414605140686,0.0,0.0
4.074156284332275,0.0,0.0
4.094221830368042,0.0,0.0
4.114330768585205,0.0,0.0
4.13424015045166,0.0,0.0
4.154221534729004,0.0,0.0
4.178131103515625,0.0,0.0
4.194304704666138,0.0,0.0
4.214353084564209,0.0,0.0
4.235047101974487,0.0,0.0
4.254288196563721,0.0,0.0
4.27435302734375,0.0,0.0
4.294706344604492,0.0,0.0
4.314316987991333,0.0,0.0
4.339891672134399,0.0,0.0
4.354437589645386,0.0,0.0
4.374410152435303,0.0,0.0
4.39441704750061,0.0,0.0
4.4150474071502686,0.0,0.0
4.435033559799194,0.0,0.0
4.455610513687134,0.0,0.0
4.477767467498779,0.0,0.0
4.4989914894104,0.0,0.0
4.514425992965698,0.0,0.0
4.537137031555176,0.0,0.0
4.558461666107178,0.0,0.0
4.5742528438568115,0.0,0.0
4.5943028926849365,0.0,0.0
4.614468336105347,0.0,0.0
4.634390592575073,0.0,0.0
4.654383897781372,0.0,0.0
4.674429178237915,0.0,0.0
4.694439649581909,0.0,0.0
4.714357852935791,0.0,0.0
4.734301328659058,0.0,0.0
4.757144927978516,0.0,0.0
4.774329662322998,0.0,0.0
4.794322967529297,0.0,0.0
4.814363956451416,0.0,0.0
4.834308624267578,0.0,0.0
4.854332685470581,0.0,0.0
4.87422513961792,0.0,0.0
4.898838520050049,0.0,0.0
4.9142889976501465,0.0,0.0
4.9342591762542725,0.0,0.0
4.958114385604858,0.0,0.0
4.975119113922119,0.0,0.0
4.9941346645355225,0.0,0.0
5.014111757278442,0.0,0.0
5.034338712692261,0.0,0.0
5.054219484329224,0.0,0.0
5.074141025543213,0.0,0.0
5.094242334365845,0.0,0.0
5.114302158355713,0.0,0.0
5.134376764297485,0.0,0.0
5.154385328292847,0.0,0.0
5.174468278884888,0.0,0.0
5.194421291351318,0.0,0.0
5.214437246322632,0.0,0.0
5.234336614608765,0.0,0.0
5.254456520080566,0.0,0.0
5.2744245529174805,0.0,0.0
5.29437255859375,0.0,0.0
5.314427137374878,0.0,0.0
5.334395885467529,0.0,0.0
5.354331016540527,0.0,0.0
5.374336004257202,0.0,0.0
5.394320726394653,0.0,0.0
5.414237022399902,0.0,0.0
5.434324264526367,0.0,0.0
5.454192876815796,0.0,0.0
5.474242687225342,0.0,0.0
5.4943132400512695,0.0,0.0
5.514277935028076,0.0,0.0
5.534430742263794,0.0,0.0
5.554403781890869,0.0,0.0
5.5743725299835205,0.0,0.0
5.594292879104614,0.0,0.0
5.614291429519653,0.0,0.0
5.634284496307373,0.0,0.0
5.6542956829071045,0.0,0.0
5.674329042434692,0.0,0.0
5.6942877769470215,0.0,0.0
5.7142839431762695,0.0,0.0
5.734254598617554,0.0,0.0
5.7542970180511475,0.0,0.0
5.7750396728515625,0.0,0.0
5.794316053390503,0.0,0.0
5.8143370151519775,0.0,0.0
5.83703351020813,0.0,0.0
5.85429048538208,0.0,0.0
5.874295711517334,0.0,0.0
5.894237995147705,0.0,0.0
5.914366960525513,0.0,0.0
5.934358358383179,0.0,0.0
5.954233884811401,0.0,0.0
5.974274635314941,0.0,0.0
5.994269132614136,0.0,0.0
6.0148937702178955,0.0,0.0
6.0343263149261475,0.0,0.0
6.054125547409058,0.0,0.0
6.07483983039856,0.0,0.0
6.094327449798584,0.0,0.0
6.114412307739258,0.0,0.0
6.13714075088501,0.0,0.0
6.154282569885254,0.0,0.0
6.174273490905762,0.0,0.0
6.194311857223511,0.0,0.0
6.214395999908447,0.0,0.0
6.234339714050293,0.0,0.0
6.254401922225952,0.0,0.0
6.274718284606934,0.0,0.0
6.29442286491394,0.0,0.0
6.31442666053772,0.0,0.0
6.334425926208496,0.0,0.0
6.3542304039001465,0.0,0.0
6.374322891235352,0.0,0.0
6.396952867507935,0.0,0.0
6.414324045181274,0.0,0.0
6.434367418289185,0.0,0.0
6.454383134841919,0.0,0.0
6.474501132965088,0.0,0.0
6.494269371032715,0.0,0.0
6.514449834823608,0.0,0.0
6.535754203796387,0.0,0.0
6.554336071014404,0.0,0.0
6.574853897094727,0.0,0.0
6.594787836074829,0.0,0.0
6.614389419555664,0.0,0.0
6.634326934814453,0.0,0.0
6.654331207275391,0.0,0.0
6.674834251403809,0.0,0.0
6.694373846054077,0.0,0.0
6.714334011077881,0.0,0.0
6.73439359664917,0.0,0.0
6.754418134689331,0.0,0.0
6.774255037307739,0.0,0.0
6.79433798789978,0.0,0.0
6.81430196762085,0.0,0.0
6.834410190582275,0.0,0.0
6.8544230461120605,0.0,0.0
6.874422311782837,0.0,0.0
6.8943116664886475,0.0,0.0
6.914424896240234,0.0,0.0
6.934345483779907,0.0,0.0
6.954298496246338,0.0,0.0
6.974382162094116,0.0,0.0
6.994344472885132,0.0,0.0
7.016408681869507,0.0,0.0
7.034224510192871,0.0,0.0
7.064320802688599,0.0,0.0
7.074306011199951,0.0,0.0
7.094398021697998,0.0,0.0
7.1144490242004395,0.0,0.0
7.134366750717163,0.0,0.0
7.154282569885254,0.0,0.0
7.174492597579956,0.0,0.0
7.194406747817993,0.0,0.0
7.214453220367432,0.0,0.0
7.234187602996826,0.0,0.0
7.254399538040161,0.0,0.0
7.274416208267212,0.0,0.0
7.294447660446167,0.0,0.0
7.3143346309661865,0.0,0.0
7.334475994110107,0.0,0.0
7.354240655899048,0.0,0.0
7.376559019088745,0.0,0.0
7.395788192749023,0.0,0.0
7.414424657821655,0.0,0.0
7.434348821640015,0.0,0.0
7.4544384479522705,0.0,0.0
7.47441029548645,0.0,0.0
7.4943811893463135,0.0,0.0
7.514392137527466,0.0,0.0
7.534330606460571,0.0,0.0
7.554324388504028,0.0,0.0
7.574268817901611,0.0,0.0
7.595335006713867,0.0,0.0
7.6142332553863525,0.0,0.0
7.6343467235565186,0.0,0.0
7.654232501983643,0.0,0.0
7.6744163036346436,0.0,0.0
7.694224119186401,0.0,0.0
7.714175224304199,0.0,0.0
7.734221696853638,0.0,0.0
7.754255294799805,0.0,0.0
7.776154279708862,0.0,0.0
7.794466018676758,0.0,0.0
7.814342498779297,0.0,0.0
7.836963653564453,0.0,0.0
7.864254951477051,0.0,0.0
7.874133348464966,0.0,0.0
7.904299259185791,0.0,0.0
7.91430401802063,0.0,0.0
7.934185028076172,0.0,0.0
7.964196681976318,0.0,0.0
7.984223127365112,0.0,0.0
7.994318723678589,0.0,0.0
8.01424789428711,0.0,0.0
8.034225940704346,0.0,0.0
8.054259777069092,0.0,0.0
8.074345111846924,0.0,0.0
8.094450235366821,0.0,0.0
8.114377975463867,0.0,0.0
8.13424015045166,0.0,0.0
8.15463638305664,0.0,0.0
8.174504280090332,0.0,0.0
8.194328546524048,0.0,0.0
8.214350938796997,0.0,0.0
8.234301328659058,0.0,0.0
8.254162073135376,0.0,0.0
8.274307012557983,0.0,0.0
8.294419527053833,0.0,0.0
8.314573287963867,0.0,0.0
8.334516763687134,0.0,0.0
8.354344367980957,0.0,0.0
8.374322175979614,0.0,0.0
8.394329071044922,0.0,0.0
8.414419651031494,0.0,0.0
8.434500694274902,0.0,0.0
8.45454454421997,0.0,0.0
8.474173069000244,0.0,0.0
8.495004177093506,0.0,0.0
8.514274597167969,0.0,0.0
8.534806966781616,0.0,0.0
8.55498480796814,0.0,0.0
8.574288606643677,0.0,0.0
8.596830129623413,0.0,0.0
8.614269971847534,0.0,0.0
8.6342453956604,0.0,0.0
8.654348134994507,0.0,0.0
8.674394369125366,0.0,0.0
8.694226503372192,0.0,0.0
8.71434760093689,0.0,0.0
8.736782789230347,0.0,0.0
8.754323244094849,0.0,0.0
8.774272918701172,0.0,0.0
8.794187307357788,0.0,0.0
8.814384460449219,0.0,0.0
8.834326982498169,0.0,0.0
8.854365587234497,0.0,0.0
8.874874353408813,0.0,0.0
8.894391775131226,0.0,0.0
8.915507555007935,0.0,0.0
8.93451714515686,0.0,0.0
8.954232931137085,0.0,0.0
8.97472071647644,0.0,0.0
8.99547004699707,0.0,0.0
9.014351844787598,0.0,0.0
9.034317016601562,0.0,0.0
9.0543372631073,0.0,0.0
9.076022624969482,0.0,0.0
9.094377756118774,0.0,0.0
9.114515542984009,0.0,0.0
9.134445190429688,0.0,0.0
9.154457807540894,0.0,0.0
9.176085948944092,0.0,0.0
9.19625997543335,0.0,0.0
9.214330911636353,0.0,0.0
9.234303951263428,0.0,0.0
9.254376649856567,0.0,0.0
9.2743558883667,0.0,0.0
9.295028924942017,0.0,0.0
9.315109968185425,0.0,0.0
9.334445476531982,0.0,0.0
9.356800556182861,0.0,0.0
9.374377489089966,0.0,0.0
9.394426107406616,0.0,0.0
9.414402961730957,0.0,0.0
9.434414386749268,0.0,0.0
9.454468488693237,0.0,0.0
9.474397897720337,0.0,0.0
9.494776010513306,0.0,0.0
9.515552997589111,0.0,0.0
9.535459518432617,0.0,0.0
9.555135488510132,0.0,0.0
9.574427843093872,0.0,0.0
9.594488143920898,0.0,0.0
9.614414691925049,0.0,0.0
9.635876417160034,0.0,0.0
9.654457330703735,0.0,0.0
9.674408197402954,0.0,0.0
9.694345712661743,0.0,0.0
9.714366912841797,0.0,0.0
9.734954595565796,0.0,0.0
9.75435757637024,0.0,0.0
9.77719259262085,0.0,0.0
9.794431209564209,0.0,0.0
9.814402103424072,0.0,0.0
9.834253549575806,0.0,0.0
9.85444450378418,0.0,0.0
9.87438416481018,0.0,0.0
9.894429206848145,0.0,0.0
9.914432764053345,0.0,0.0
9.934386253356934,0.0,0.0
9.954332828521729,0.0,0.0
9.974441051483154,0.0,0.0
9.994163513183594,0.0,0.0
10.014476776123047,0.0,0.0
10.034177780151367,0.0,0.0
10.054466009140015,0.0,0.0
10.076799631118774,0.0,0.0
10.09441351890564,0.0,0.0
10.114215612411499,0.0,0.0
10.134684085845947,0.0,0.0
10.154486417770386,0.0,0.0
10.174421072006226,0.0,0.0
10.19429612159729,0.0,0.0
10.21434760093689,0.0,0.0
10.234236478805542,0.0,0.0
10.254421710968018,0.0,0.0
10.274470567703247,0.0,0.0
10.29440712928772,0.0,0.0
10.314441919326782,0.0,0.0
10.334477186203003,0.0,0.0
10.364283084869385,0.0,0.0
10.385488033294678,0.0,0.0
10.404369592666626,0.0,0.0
10.42434310913086,0.0,0.0
10.44563889503479,0.0,0.0
10.464298009872437,0.0,0.0
10.474488496780396,0.0,0.0
10.50423002243042,0.0,0.0
10.515167713165283,0.0,0.0
10.534213781356812,0.0,0.0
10.554375410079956,0.0,0.0
10.575575351715088,0.0,0.0
10.594342470169067,0.0,0.0
10.614230155944824,0.0,0.0
10.635662078857422,0.0,0.0
10.654435157775879,0.0,0.0
10.67470121383667,0.0,0.0
10.694300174713135,0.0,0.0
10.714834928512573,0.0,0.0
10.734095335006714,0.0,0.0
10.755760431289673,0.0,0.0
10.774414539337158,0.0,0.0
10.794196128845215,0.0,0.0
10.814233779907227,0.0,0.0
10.834195852279663,0.0,0.0
10.855784177780151,0.0,0.0
10.874147176742554,0.0,0.0
10.894265413284302,0.0,0.0
10.914230108261108,0.0,0.0
10.934276819229126,0.0,0.0
10.954440832138062,0.0,0.0
10.976991415023804,0.0,0.0
10.996068954467773,0.0,0.0
11.01433801651001,0.0,0.0
11.034326553344727,0.0,0.0
11.054299354553223,0.0,0.0
11.074421167373657,0.0,0.0
11.094441413879395,0.0,0.0
11.114248752593994,0.0,0.0
11.13467788696289,0.0,0.0
11.15428352355957,0.0,0.0
11.17427396774292,0.0,0.0
11.19477128982544,0.0,0.0
11.216356754302979,0.0,0.0
11.234314680099487,0.0,0.0
11.254281759262085,0.0,0.0
11.274249792098999,0.0,0.0
11.294275760650635,0.0,0.0
11.314308881759644,0.0,0.0
11.334852933883667,0.0,0.0
11.354333400726318,0.0,0.0
11.374451637268066,0.0,0.0
11.394506216049194,0.0,0.0
11.414366483688354,0.0,0.0
11.434427976608276,0.0,0.0
11.45431923866272,0.0,0.0
11.474472284317017,0.0,0.0
11.494313716888428,0.0,0.0
11.514422178268433,0.0,0.0
11.534431457519531,0.0,0.0
11.554530143737793,0.0,0.0
11.574468612670898,0.0,0.0
11.59446120262146,0.0,0.0
11.614440679550171,0.0,0.0
11.634352684020996,0.0,0.0
11.654414415359497,0.0,0.0
11.674466848373413,0.0,0.0
11.694272756576538,0.0,0.0
11.714377403259277,0.0,0.0
11.736061573028564,0.0,0.0
11.754350662231445,0.0,0.0
11.774262189865112,0.0,0.0
11.79446029663086,0.0,0.0
11.814284086227417,0.0,0.0
11.834415912628174,0.0,0.0
11.854414939880371,0.0,0.0
11.87484622001648,0.0,0.0
11.8943772315979,0.0,0.0
11.914237976074219,0.0,0.0
11.934911012649536,0.0,0.0
11.954276084899902,0.0,0.0
11.974397659301758,0.0,0.0
11.99598741531372,0.0,0.0
12.0143141746521,0.0,0.0
12.034240961074829,0.0,0.0
12.054398775100708,0.0,0.0
12.074280261993408,0.0,0.0
12.09580945968628,0.0,0.0
12.114768028259277,0.0,0.0
12.134286642074585,0.0,0.0
12.154299974441528,0.0,0.0
12.175797939300537,0.0,0.0
12.194226503372192,0.0,0.0
12.214255094528198,0.0,0.0
12.236267566680908,0.0,0.0
12.25487232208252,0.0,0.0
12.274317502975464,0.0,0.0
12.294819593429565,0.0,0.0
12.31435751914978,0.0,0.0
12.334330320358276,0.0,0.0
12.35431456565857,0.0,0.0
12.374289989471436,0.0,0.0
12.394190788269043,0.0,0.0
12.41576099395752,0.0,0.0
12.43424129486084,0.0,0.0
12.454456090927124,0.0,0.0
12.476784467697144,0.0,0.0
12.494251251220703,0.0,0.0
12.514273166656494,0.0,0.0
12.534235954284668,0.0,0.0
12.554271459579468,0.0,0.0
12.574359655380249,0.0,0.0
12.594738245010376,0.0,0.0
12.614326477050781,0.0,0.0
12.634305238723755,0.0,0.0
12.654356956481934,0.0,0.0
12.674415349960327,0.0,0.0
12.69440746307373,0.0,0.0
12.714448690414429,0.0,0.0
12.734696865081787,0.0,0.0
12.755820512771606,0.0,0.0
12.7743821144104,0.0,0.0
12.794386386871338,0.0,0.0
12.814394474029541,0.0,0.0
12.834340810775757,0.0,0.0
12.854839324951172,0.0,0.0
12.874340057373047,0.0,0.0
12.894333839416504,0.0,0.0
12.914317846298218,0.0,0.0
12.934353351593018,0.0,0.0
12.955171823501587,0.0,0.0
12.974361896514893,0.0,0.0
12.995781898498535,0.0,0.0
13.015403747558594,0.0,0.0
13.034340381622314,0.0,0.0
13.054393529891968,0.0,0.0
13.075806140899658,0.0,0.0
13.095666408538818,0.0,0.0
13.114380121231079,0.0,0.0
13.135616064071655,0.0,0.0
13.154402732849121,0.0,0.0
13.174372434616089,0.0,0.0
13.196829319000244,0.0,0.0
13.21441125869751,0.0,0.0
13.234365463256836,0.0,0.0
13.254306554794312,0.0,0.0
13.274366855621338,0.0,0.0
13.295086145401001,0.0,0.0
13.31432557106018,0.0,0.0
13.334365367889404,0.0,0.0
13.354426145553589,0.0,0.0
13.374336242675781,0.0,0.0
13.394367933273315,0.0,0.0
13.416104793548584,0.0,0.0
13.434329509735107,0.0,0.0
13.45440673828125,0.0,0.0
13.474375247955322,0.0,0.0
13.494392156600952,0.0,0.0
13.514352798461914,0.0,0.0
13.534330368041992,0.0,0.0
13.554351568222046,0.0,0.0
13.574386358261108,0.0,0.0
13.594375848770142,0.0,0.0
13.614415645599365,0.0,0.0
13.634343147277832,0.0,0.0
13.654316186904907,0.0,0.0
13.674386262893677,0.0,0.0
13.694830894470215,0.0,0.0
13.714380979537964,0.0,0.0
13.736050844192505,0.0,0.0
13.75435757637024,0.0,0.0
13.776832103729248,0.0,0.0
13.794357299804688,0.0,0.0
13.814339637756348,0.0,0.0
13.834274530410767,0.0,0.0
13.854292631149292,0.0,0.0
13.87432861328125,0.0,0.0
13.894432544708252,0.0,0.0
13.91681170463562,0.0,0.0
13.93431806564331,0.0,0.0
13.954431772232056,0.0,0.0
13.974351406097412,0.0,0.0
13.995954990386963,0.0,0.0
14.016072273254395,0.0,0.0
14.03433084487915,0.0,0.0
14.054351568222046,0.0,0.0
14.074324131011963,0.0,0.0
14.094328165054321,0.0,0.0
14.116339445114136,0.0,0.0
14.13439655303955,0.0,0.0
14.154354095458984,0.0,0.0
14.17431926727295,0.0,0.0
14.19437551498413,0.0,0.0
14.214333534240723,0.0,0.0
14.234239101409912,0.0,0.0
14.254284620285034,0.0,0.0
14.274321794509888,0.0,0.0
14.294322967529297,0.0,0.0
14.31579303741455,0.0,0.0
14.334362030029297,0.0,0.0
14.354345798492432,0.0,0.0
14.375958681106567,0.0,0.0
14.394351243972778,0.0,0.0
14.414366245269775,0.0,0.0
14.434391736984253,0.0,0.0
14.454374551773071,0.0,0.0
14.474327087402344,0.0,0.0
14.49437165260315,0.0,0.0
14.514834642410278,0.0,0.0
14.534818649291992,0.0,0.0
14.555892705917358,0.0,0.0
14.574416875839233,0.0,0.0
14.594703674316406,0.0,0.0
14.614460468292236,0.0,0.0
14.63452434539795,0.0,0.0
14.65438437461853,0.0,0.0
14.674450874328613,0.0,0.0
14.694322347640991,0.0,0.0
14.714313268661499,0.0,0.0
14.734352111816406,0.0,0.0
14.754223823547363,0.0,0.0
14.77427077293396,0.0,0.0
14.794273376464844,0.0,0.0
14.814306735992432,0.0,0.0
14.834283590316772,0.0,0.0
14.854820489883423,0.0,0.0
14.874387979507446,0.0,0.0
14.89428973197937,0.0,0.0
14.914352655410767,0.0,0.0
14.934503078460693,0.0,0.0
14.954307079315186,0.0,0.0
14.974310398101807,0.0,0.0
14.996750354766846,0.0,0.0
15.014275789260864,0.0,0.0
15.034262657165527,0.0,0.0
15.054382085800171,0.0,0.0
15.074303388595581,0.0,0.0
15.094364404678345,0.0,0.0
15.114296674728394,0.0,0.0
15.13427448272705,0.0,0.0
15.15427827835083,0.0,0.0
15.174416780471802,0.0,0.0
15.194321870803833,0.0,0.0
15.21424150466919,0.0,0.0
15.234233617782593,0.0,0.0
15.25478720664978,0.0,0.0
15.274291753768921,0.0,0.0
15.294331073760986,0.0,0.0
15.31427264213562,0.0,0.0
15.334248781204224,0.0,0.0
15.354420185089111,0.0,0.0
15.374387741088867,0.0,0.0
15.394375562667847,0.0,0.0
15.41419243812561,0.0,0.0
15.434306383132935,0.0,0.0
15.454273700714111,0.0,0.0
15.474395036697388,0.0,0.0
15.494360446929932,0.0,0.0
15.514302253723145,0.0,0.0
15.534345388412476,0.0,0.0
15.555822134017944,0.0,0.0
15.574339151382446,0.0,0.0
15.594385862350464,0.0,0.0
15.614347219467163,0.0,0.0
15.634231090545654,0.0,0.0
15.654354333877563,0.0,0.0
15.674501657485962,0.0,0.0
15.694267988204956,0.0,0.0
15.714399814605713,0.0,0.0
15.734376668930054,0.0,0.0
15.754228115081787,0.0,0.0
15.775124549865723,0.0,0.0
15.794308185577393,0.0,0.0
15.814219236373901,0.0,0.0
15.83432674407959,0.0,0.0
15.854471921920776,0.0,0.0
15.874220848083496,0.0,0.0
15.894227743148804,0.0,0.0
15.914379596710205,0.0,0.0
15.934263229370117,0.0,0.0
15.95427680015564,0.0,0.0
15.974262475967407,0.0,0.0
15.994173765182495,0.0,0.0
16.014326095581055,0.0,0.0
16.03428077697754,0.0,0.0
16.054182529449463,0.0,0.0
16.074275970458984,0.0,0.0
16.094261646270752,0.0,0.0
16.114195108413696,0.0,0.0
16.134538650512695,0.0,0.0
16.154555082321167,0.0,0.0
16.174992322921753,0.0,0.0
16.196893453598022,0.0,0.0
16.21437668800354,0.0,0.0
16.234424829483032,0.0,0.0
16.254503965377808,0.0,0.0
16.274372100830078,0.0,0.0
16.294397354125977,0.0,0.0
16.314359188079834,0.0,0.0
16.334431409835815,0.0,0.0
16.354432106018066,0.0,0.0
16.37448501586914,0.0,0.0
16.395702600479126,0.0,0.0
16.414505004882812,0.0,0.0
16.434448957443237,0.0,0.0
16.454473733901978,0.0,0.0
16.474485397338867,0.0,0.0
16.49494457244873,0.0,0.0
16.515173196792603,0.0,0.0
16.534430980682373,0.0,0.0
16.55421757698059,0.0,0.0
16.574663877487183,0.0,0.0
16.594258069992065,0.0,0.0
16.61430811882019,0.0,0.0
16.63428282737732,0.0,0.0
16.654280424118042,0.0,0.0
16.674272537231445,0.0,0.0
16.694292068481445,0.0,0.0
16.714612007141113,0.0,0.0
16.734659910202026,0.0,0.0
16.754493474960327,0.0,0.0
16.774375200271606,0.0,0.0
16.79440975189209,0.0,0.0
16.815226793289185,0.0,0.0
16.83681845664978,0.0,0.0
16.85438847541809,0.0,0.0
16.8744478225708,0.0,0.0
16.894264459609985,0.0,0.0
16.91438317298889,0.0,0.0
16.934658765792847,0.0,0.0
16.954455137252808,0.0,0.0
16.97464942932129,0.0,0.0
16.994436025619507,0.0,0.0
17.014512300491333,0.0,0.0
17.03447389602661,0.0,0.0
17.05597472190857,0.0,0.0
17.07436776161194,0.0,0.0
17.09442710876465,0.0,0.0
17.11449384689331,0.0,0.0
17.13436532020569,0.0,0.0
17.154810428619385,0.0,0.0
17.17444682121277,0.0,0.0
17.195335388183594,0.0,0.0
17.214482069015503,0.0,0.0
17.234501600265503,0.0,0.0
17.25469136238098,0.0,0.0
17.27437162399292,0.0,0.0
17.294366598129272,0.0,0.0
17.314392805099487,0.0,0.0
17.334426879882812,0.0,0.0
17.35442876815796,0.0,0.0
17.37488842010498,0.0,0.0
17.39446187019348,0.0,0.0
17.415120601654053,0.0,0.0
17.43476176261902,0.0,0.0
17.454474687576294,0.0,0.0
17.47459316253662,0.0,0.0
17.494410037994385,0.0,0.0
17.51682758331299,0.0,0.0
17.534608840942383,0.0,0.0
17.554630279541016,0.0,0.0
17.57469344139099,0.0,0.0
17.594555854797363,0.0,0.0
17.61484956741333,0.0,0.0
17.635015964508057,0.0,0.0
17.655083417892456,0.0,0.0
17.6746506690979,0.0,0.0
17.69469428062439,0.0,0.0
17.71462368965149,0.0,0.0
17.73466205596924,0.0,0.0
17.75431752204895,0.0,0.0
17.774418592453003,0.0,0.0
17.79495644569397,0.0,0.0
17.814898014068604,0.0,0.0
17.834596633911133,0.0,0.0
17.854665279388428,0.0,0.0
17.874589920043945,0.0,0.0
17.894659519195557,0.0,0.0
17.91466212272644,0.0,0.0
17.934696435928345,0.0,0.0
17.954987287521362,0.0,0.0
17.97479510307312,0.0,0.0
17.99454689025879,0.0,0.0
18.017399549484253,0.0,0.0
18.034716367721558,0.0,0.0
18.05473279953003,0.0,0.0
18.07449507713318,0.0,0.0
18.095661878585815,0.0,0.0
18.115091562271118,0.0,0.0
18.13468098640442,0.0,0.0
18.15467095375061,0.0,0.0
18.174688816070557,0.0,0.0
18.194671154022217,0.0,0.0
18.214667797088623,0.0,0.0
18.234673738479614,0.0,0.0
18.254369974136353,0.0,0.0
18.27470302581787,0.0,0.0
18.29463505744934,0.0,0.0
18.314440488815308,0.0,0.0
18.334486961364746,0.0,0.0
18.354520797729492,0.0,0.0
18.37477970123291,0.0,0.0
18.394715070724487,0.0,0.0
18.41439461708069,0.0,0.0
18.434388399124146,0.0,0.0
18.454463958740234,0.0,0.0
18.47452998161316,0.0,0.0
18.49446392059326,0.0,0.0
18.514240503311157,0.0,0.0
18.534504413604736,0.0,0.0
18.554349660873413,0.0,0.0
18.57448387145996,0.0,0.0
18.595699071884155,0.0,0.0
18.61453151702881,0.0,0.0
18.63458824157715,0.0,0.0
18.65430188179016,0.0,0.0
18.67458438873291,0.0,0.0
18.694686889648438,0.0,0.0
18.71441411972046,0.0,0.0
18.734824419021606,0.0,0.0
18.754854440689087,0.0,0.0
18.774539470672607,0.0,0.0
18.794313430786133,0.0,0.0
18.81426429748535,0.0,0.0
18.834266185760498,0.0,0.0
18.854280948638916,0.0,0.0
18.87599277496338,0.0,0.0
18.89431881904602,0.0,0.0
18.91430354118347,0.0,0.0
18.934266090393066,0.0,0.0
18.95431399345398,0.0,0.0
18.9743013381958,0.0,0.0
18.99429440498352,0.0,0.0
19.014286041259766,0.0,0.0
19.034268856048584,0.0,0.0
19.054269075393677,0.0,0.0
19.074336051940918,0.0,0.0
19.094316244125366,0.0,0.0
19.114279985427856,0.0,0.0
19.134371042251587,0.0,0.0
19.154194831848145,0.0,0.0
19.17427635192871,0.0,0.0
19.197222232818604,0.0,0.0
19.214422941207886,0.0,0.0
19.234668731689453,0.0,0.0
19.254361629486084,0.0,0.0
19.274353981018066,0.0,0.0
19.294293642044067,0.0,0.0
19.314242362976074,0.0,0.0
19.334221601486206,0.0,0.0
19.35461449623108,0.0,0.0
19.374406337738037,0.0,0.0
19.39431595802307,0.0,0.0
19.41434073448181,0.0,0.0
19.434282302856445,0.0,0.0
19.454367876052856,0.0,0.0
19.474313259124756,0.0,0.0
19.494266986846924,0.0,0.0
19.515921592712402,0.0,0.0
19.53428626060486,0.0,0.0
19.55443048477173,0.0,0.0
19.57439374923706,0.0,0.0
19.5947527885437,0.0,0.0
19.614436388015747,0.0,0.0
19.63439106941223,0.0,0.0
19.654399871826172,0.0,0.0
19.67439842224121,0.0,0.0
19.694401502609253,0.0,0.0
19.714380264282227,0.0,0.0
19.734410524368286,0.0,0.0
19.75469136238098,0.0,0.0
19.774335145950317,0.0,0.0
19.794397592544556,0.0,0.0
19.814353942871094,0.0,0.0
19.834240913391113,0.0,0.0
19.854249477386475,0.0,0.0
19.87427520751953,0.0,0.0
19.89424228668213,0.0,0.0
19.914244890213013,0.0,0.0
19.93425226211548,0.0,0.0
19.954264640808105,0.0,0.0
19.974273920059204,0.0,0.0
19.994274139404297,0.0,0.0
20.01424741744995,0.0,0.0
20.034276962280273,0.0,0.0
20.05428981781006,0.0,0.0
20.074309825897217,0.0,0.0
20.094402074813843,0.0,0.0
20.11439061164856,0.0,0.0
20.134395360946655,0.0,0.0
20.154386520385742,0.0,0.0
20.174416065216064,0.0,0.0
20.19428515434265,0.0,0.0
20.214279651641846,0.0,0.0
20.234259843826294,0.0,0.0
20.254246950149536,0.0,0.0
20.27426266670227,0.0,0.0
20.294382095336914,0.0,0.0
20.31432819366455,0.0,0.0
20.334244966506958,0.0,0.0
20.354469537734985,0.0,0.0
20.374371767044067,0.0,0.0
20.394286155700684,0.0,0.0
20.414287567138672,0.0,0.0
20.43433165550232,0.0,0.0
20.454363107681274,0.0,0.0
20.474268913269043,0.0,0.0
20.4945011138916,0.0,0.0
20.514195203781128,0.0,0.0
20.534173250198364,0.0,0.0
20.55419921875,0.0,0.0
20.57437515258789,0.0,0.0
20.59436845779419,0.0,0.0
20.61422562599182,0.0,0.0
20.63417363166809,0.0,0.0
20.654245138168335,0.0,0.0
20.674248695373535,0.0,0.0
20.694183826446533,0.0,0.0
20.714231252670288,0.0,0.0
20.73414421081543,0.0,0.0
20.754253387451172,0.0,0.0
20.77430558204651,0.0,0.0
20.794240951538086,0.0,0.0
20.814194917678833,0.0,0.0
20.834165334701538,0.0,0.0
20.854246854782104,0.0,0.0
20.874245643615723,0.0,0.0
20.894192457199097,0.0,0.0
20.91436243057251,0.0,0.0
20.934182167053223,0.0,0.0
20.95425796508789,0.0,0.0
20.9755961894989,0.0,0.0
20.99429726600647,0.0,0.0
21.014384269714355,0.0,0.0
21.03429365158081,0.0,0.0
21.05425262451172,0.0,0.0
21.074357509613037,0.0,0.0
21.094231367111206,0.0,0.0
21.11422610282898,0.0,0.0
21.13434410095215,0.0,0.0
21.15422749519348,0.0,0.0
21.174269199371338,0.0,0.0
21.19421696662903,0.0,0.0
21.214261770248413,0.0,0.0
21.234256982803345,0.0,0.0
21.254270315170288,0.0,0.0
21.274549961090088,0.0,0.0
21.294248580932617,0.0,0.0
21.31440782546997,0.0,0.0
21.334378242492676,0.0,0.0
21.35423970222473,0.0,0.0
21.37411117553711,0.0,0.0
21.394121885299683,0.0,0.0
21.414406299591064,0.0,0.0
21.434373378753662,0.0,0.0
21.454257488250732,0.0,0.0
21.474184274673462,0.0,0.0
21.494221448898315,0.0,0.0
21.51441740989685,0.0,0.0
21.534168243408203,0.0,0.0
21.5541775226593,0.0,0.0
21.574535131454468,0.0,0.0
21.594090700149536,0.0,0.0
21.614495754241943,0.0,0.0
21.634085416793823,0.0,0.0
21.654228448867798,0.0,0.0
21.674164295196533,0.0,0.0
21.694175481796265,0.0,0.0
21.714226245880127,0.0,0.0
21.734127283096313,0.0,0.0
21.75418782234192,0.0,0.0
21.774223566055298,0.0,0.0
21.794772624969482,0.0,0.0
21.814146757125854,0.0,0.0
21.83427333831787,0.0,0.0
21.854151964187622,0.0,0.0
21.87432837486267,0.0,0.0
21.89442467689514,0.0,0.0
21.914220333099365,0.0,0.0
21.93411111831665,0.0,0.0
21.954670906066895,0.0,0.0
21.974788904190063,0.0,0.0
21.99431848526001,0.0,0.0
22.014484167099,0.0,0.0
22.034477710723877,0.0,0.0
22.054189920425415,0.0,0.0
22.07502794265747,0.0,0.0
22.096860885620117,0.0,0.0
22.114145040512085,0.0,0.0
22.13455080986023,0.0,0.0
22.154516220092773,0.0,0.0
22.174510717391968,0.0,0.0
22.194481134414673,0.0,0.0
22.214418172836304,0.0,0.0
22.23441171646118,0.0,0.0
22.25424885749817,0.0,0.0
22.27434253692627,0.0,0.0
22.294220447540283,0.0,0.0
22.314191818237305,0.0,0.0
22.334490060806274,0.0,0.0
22.35488772392273,0.0,0.0
22.374680042266846,0.0,0.0
22.394535303115845,0.0,0.0
22.414339303970337,0.0,0.0
22.434523582458496,0.0,0.0
22.454352617263794,0.0,0.0
22.474454879760742,0.0,0.0
22.49488091468811,0.0,0.0
22.514195919036865,0.0,0.0
22.53439426422119,0.0,0.0
22.55446434020996,0.0,0.0
22.574427843093872,0.0,0.0
22.59619116783142,0.0,0.0
22.614611387252808,0.0,0.0
22.63457417488098,0.0,0.0
22.654572010040283,0.0,0.0
22.674859046936035,0.0,0.0
22.69490122795105,0.0,0.0
22.714627981185913,0.0,0.0
22.73428511619568,0.0,0.0
22.754597187042236,0.0,0.0
22.774595737457275,0.0,0.0
22.794455528259277,0.0,0.0
22.81459379196167,0.0,0.0
22.83424949645996,0.0,0.0
22.854626893997192,0.0,0.0
22.874526023864746,0.0,0.0
22.894522666931152,0.0,0.0
22.91448163986206,0.0,0.0
22.934146881103516,0.0,0.0
22.954442501068115,0.0,0.0
22.9746515750885,0.0,0.0
22.99455714225769,0.0,0.0
23.01481604576111,0.0,0.0
23.034490823745728,0.0,0.0
23.054443836212158,0.0,0.0
23.074331521987915,0.0,0.0
23.094386100769043,0.0,0.0
23.11422324180603,0.0,0.0
23.134573459625244,0.0,0.0
23.154390335083008,0.0,0.0
23.174237966537476,0.0,0.0
23.194538593292236,0.0,0.0
23.214449644088745,0.0,0.0
23.23412275314331,0.0,0.0
23.254222631454468,0.0,0.0
23.274129390716553,0.0,0.0
23.29438543319702,0.0,0.0
23.314128637313843,0.0,0.0
23.334441900253296,0.0,0.0
23.354440212249756,0.0,0.0
23.374580144882202,0.0,0.0
23.394886016845703,0.0,0.0
23.41411542892456,0.0,0.0
23.43453598022461,0.0,0.0
23.4541175365448,0.0,0.0
23.474414110183716,0.0,0.0
23.494168996810913,0.0,0.0
23.5142605304718,0.0,0.0
23.534297704696655,0.0,0.0
23.554932117462158,0.0,0.0
23.574159622192383,0.0,0.0
23.59447979927063,0.0,0.0
23.614582061767578,0.0,0.0
23.63427495956421,0.0,0.0
23.656341075897217,0.0,0.0
23.674567937850952,0.0,0.0
23.694507837295532,0.0,0.0
23.71440601348877,0.0,0.0
23.734472513198853,0.0,0.0
23.75486421585083,0.0,0.0
23.775477647781372,0.0,0.0
23.795973777770996,0.0,0.0
23.81413769721985,0.0,0.0
23.835830450057983,0.0,0.0
23.854239225387573,0.0,0.0
23.87425947189331,0.0,0.0
23.89575695991516,0.0,0.0
23.914520025253296,0.0,0.0
23.934192895889282,0.0,0.0
23.95457100868225,0.0,0.0
23.97543740272522,0.0,0.0
23.994213819503784,0.0,0.0
24.014248371124268,0.0,0.0
24.036106824874878,0.0,0.0
24.05444025993347,0.0,0.0
24.074464559555054,0.0,0.0
24.0942804813385,0.0,0.0
24.114375829696655,0.0,0.0
24.134212970733643,0.0,0.0
24.15592384338379,0.0,0.0
24.174246072769165,0.0,0.0
24.194528341293335,0.0,0.0
24.214689254760742,0.0,0.0
24.234450101852417,0.0,0.0
24.254440784454346,0.0,0.0
24.27454710006714,0.0,0.0
24.294758319854736,0.0,0.0
24.31436061859131,0.0,0.0
24.336421728134155,0.0,0.0
24.354501724243164,0.0,0.0
24.374552726745605,0.0,0.0
24.3945951461792,0.0,0.0
24.414507389068604,0.0,0.0
24.43438482284546,0.0,0.0
24.45425581932068,0.0,0.0
24.475353240966797,0.0,0.0
24.494245767593384,0.0,0.0
24.514411211013794,0.0,0.0
24.53475332260132,0.0,0.0
24.556198120117188,0.0,0.0
24.574265241622925,0.0,0.0
24.59443759918213,0.0,0.0
24.614404916763306,0.0,0.0
24.63447642326355,0.0,0.0
24.65424871444702,0.0,0.0
24.674511432647705,0.0,0.0
24.695730447769165,0.0,0.0
24.714306116104126,0.0,0.0
24.737298011779785,0.0,0.0
24.75418210029602,0.0,0.0
24.774456024169922,0.0,0.0
24.794386863708496,0.0,0.0
24.814444303512573,0.0,0.0
24.834285736083984,0.0,0.0
24.854494094848633,0.0,0.0
24.87442398071289,0.0,0.0
24.894593000411987,0.0,0.0
24.91442108154297,0.0,0.0
24.936320543289185,0.0,0.0
24.95441770553589,0.0,0.0
24.974576711654663,0.0,0.0
24.997143745422363,0.0,0.0
25.014434814453125,0.0,0.0
25.034324645996094,0.0,0.0
25.054506063461304,0.0,0.0
25.074249744415283,0.0,0.0
25.094430685043335,0.0,0.0
25.114110708236694,0.0,0.0
25.13434410095215,0.0,0.0
25.154305458068848,0.0,0.0
25.17436122894287,0.0,0.0
25.194265842437744,0.0,0.0
25.214258909225464,0.0,0.0
25.23434090614319,0.0,0.0
25.254501819610596,0.0,0.0
25.276909351348877,0.0,0.0
25.294368028640747,0.0,0.0
25.314476251602173,0.0,0.0
25.33430314064026,0.0,0.0
25.35436987876892,0.0,0.0
25.374560356140137,0.0,0.0
25.394427061080933,0.0,0.0
25.414262056350708,0.0,0.0
25.43443727493286,0.0,0.0
25.45429563522339,0.0,0.0
25.47429919242859,0.0,0.0
25.494288444519043,0.0,0.0
25.51433277130127,0.0,0.0
25.534449815750122,0.0,0.0
25.55450677871704,0.0,0.0
25.57454800605774,0.0,0.0
25.594166040420532,0.0,0.0
25.614357233047485,0.0,0.0
25.634501218795776,0.0,0.0
25.65459418296814,0.0,0.0
25.67437243461609,0.0,0.0
25.694345474243164,0.0,0.0
25.71451210975647,0.0,0.0
25.734496355056763,0.0,0.0
25.754245042800903,0.0,0.0
25.774500131607056,0.0,0.0
25.794450521469116,0.0,0.0
25.814353704452515,0.0,0.0
25.834446668624878,0.0,0.0
25.85438823699951,0.0,0.0
25.87437105178833,0.0,0.0
25.89414119720459,0.0,0.0
25.91410493850708,0.0,0.0
25.93431258201599,0.0,0.0
25.954197645187378,0.0,0.0
25.97442603111267,0.0,0.0
25.995392084121704,0.0,0.0
26.0142240524292,0.0,0.0
26.03505849838257,0.0,0.0
26.054288387298584,0.0,0.0
26.074323892593384,0.0,0.0
26.094242572784424,0.0,0.0
26.11414337158203,0.0,0.0
26.13425326347351,0.0,0.0
26.154273986816406,0.0,0.0
26.17635154724121,0.0,0.0
26.19431471824646,0.0,0.0
26.214181900024414,0.0,0.0
26.23419737815857,0.0,0.0
26.254229068756104,0.0,0.0
26.2741916179657,0.0,0.0
26.29417872428894,0.0,0.0
26.314260959625244,0.0,0.0
26.334182024002075,0.0,0.0
26.35418152809143,0.0,0.0
26.37432622909546,0.0,0.0
26.394383907318115,0.0,0.0
26.414342641830444,0.0,0.0
26.434139728546143,0.0,0.0
26.454129934310913,0.0,0.0
26.47409462928772,0.0,0.0
26.494191884994507,0.0,0.0
26.514160871505737,0.0,0.0
26.53427004814148,0.0,0.0
26.554258346557617,0.0,0.0
26.575800895690918,0.0,0.0
26.594234704971313,0.0,0.0
26.61426830291748,0.0,0.0
26.634448289871216,0.0,0.0
26.656959533691406,0.0,0.0
26.674168586730957,0.0,0.0
26.6943941116333,0.0,0.0
26.714333057403564,0.0,0.0
26.734168767929077,0.0,0.0
26.754109859466553,0.0,0.0
26.77422046661377,0.0,0.0
26.794317960739136,0.0,0.0
26.816054582595825,0.0,0.0
26.83439540863037,0.0,0.0
26.854427814483643,0.0,0.0
26.874220371246338,0.0,0.0
26.89429998397827,0.0,0.0
26.91471028327942,0.0,0.0
26.934359550476074,0.0,0.0
26.95423722267151,0.0,0.0
26.97659921646118,0.0,0.0
26.99439573287964,0.0,0.0
27.014293909072876,0.0,0.0
27.034252882003784,0.0,0.0
27.054285526275635,0.0,0.0
27.07441782951355,0.0,0.0
27.094388484954834,0.0,0.0
27.114253520965576,0.0,0.0
27.134319067001343,0.0,0.0
27.154138565063477,0.0,0.0
27.17435312271118,0.0,0.0
27.19428300857544,0.0,0.0
27.21434450149536,0.0,0.0
27.234317779541016,0.0,0.0
27.255478143692017,0.0,0.0
27.274235725402832,0.0,0.0
27.294217109680176,0.0,0.0
27.314249515533447,0.0,0.0
27.334274530410767,0.0,0.0
27.35430669784546,0.0,0.0
27.37448215484619,0.0,0.0
27.394450902938843,0.0,0.0
27.414284467697144,0.0,0.0
27.434081315994263,0.0,0.0
27.454156160354614,0.0,0.0
27.47445511817932,0.0,0.0
27.49406599998474,0.0,0.0
27.514334201812744,0.0,0.0
27.534318923950195,0.0,0.0
27.55414342880249,0.0,0.0
27.575756788253784,0.0,0.0
27.594125986099243,0.0,0.0
27.614278316497803,0.0,0.0
27.634244441986084,0.0,0.0
27.65414047241211,0.0,0.0
27.674147605895996,0.0,0.0
27.69421625137329,0.0,0.0
27.714144468307495,0.0,0.0
27.73410677909851,0.0,0.0
27.754141569137573,0.0,0.0
27.774473667144775,0.0,0.0
27.794362545013428,0.0,0.0
27.81417179107666,0.0,0.0
27.83403706550598,0.0,0.0
27.854120016098022,0.0,0.0
27.874166250228882,0.0,0.0
27.894307374954224,0.0,0.0
27.914143800735474,0.0,0.0
27.93432927131653,0.0,0.0
27.954346656799316,0.0,0.0
27.97432565689087,0.0,0.0
27.994236707687378,0.0,0.0
28.014195203781128,0.0,0.0
28.034189462661743,0.0,0.0
28.054272174835205,0.0,0.0
28.077094078063965,0.0,0.0
28.094284534454346,0.0,0.0
28.114311695098877,0.0,0.0
28.13450002670288,0.0,0.0
28.154247522354126,0.0,0.0
28.174278497695923,0.0,0.0
28.19429922103882,0.0,0.0
28.214184284210205,0.0,0.0
28.234126567840576,0.0,0.0
28.254321098327637,0.0,0.0
28.274328470230103,0.0,0.0
28.2943012714386,0.0,0.0
28.31437873840332,0.0,0.0
28.334272861480713,0.0,0.0
28.35434651374817,0.0,0.0
28.374398708343506,0.0,0.0
28.394460201263428,0.0,0.0
28.414171934127808,0.0,0.0
28.434232234954834,0.0,0.0
28.45427370071411,0.0,0.0
28.474345445632935,0.0,0.0
28.494393587112427,0.0,0.0
28.514354467391968,0.0,0.0
28.534106492996216,0.0,0.0
28.554369926452637,0.0,0.0
28.574156284332275,0.0,0.0
28.594401597976685,0.0,0.0
28.614224195480347,0.0,0.0
28.636595964431763,0.0,0.0
28.65414786338806,0.0,0.0
28.674394130706787,0.0,0.0
28.694108963012695,0.0,0.0
28.714314222335815,0.0,0.0
28.734102725982666,0.0,0.0
28.754281759262085,0.0,0.0
28.774142742156982,0.0,0.0
28.794378757476807,0.0,0.0
28.814162492752075,0.0,0.0
28.834341287612915,0.0,0.0
28.85414958000183,0.0,0.0
28.87433671951294,0.0,0.0
28.894285917282104,0.0,0.0
28.91426181793213,0.0,0.0
28.934245347976685,0.0,0.0
28.954272270202637,0.0,0.0
28.977015018463135,0.0,0.0
28.994303941726685,0.0,0.0
29.014235973358154,0.0,0.0
29.03415560722351,0.0,0.0
29.054227113723755,0.0,0.0
29.07428526878357,0.0,0.0
29.09441351890564,0.0,0.0
29.11424231529236,0.0,0.0
29.134194374084473,0.0,0.0
29.154266834259033,0.0,0.0
29.174264907836914,0.0,0.0
29.19430685043335,0.0,0.0
29.21425771713257,0.0,0.0
29.234281301498413,0.0,0.0
29.25429892539978,0.0,0.0
29.27442693710327,0.0,0.0
29.294535636901855,0.0,0.0
29.31434154510498,0.0,0.0
29.33453345298767,0.0,0.0
29.354482889175415,0.0,0.0
29.374418020248413,0.0,0.0
29.394315719604492,0.0,0.0
29.41442036628723,0.0,0.0
29.434325695037842,0.0,0.0
29.454240798950195,0.0,0.0
29.47428250312805,0.0,0.0
29.494349002838135,0.0,0.0
29.514366626739502,0.0,0.0
29.534229278564453,0.0,0.0
29.55426573753357,0.0,0.0
29.574424266815186,0.0,0.0
29.59428572654724,0.0,0.0
29.614253520965576,0.0,0.0
29.634299993515015,0.0,0.0
29.654333353042603,0.0,0.0
29.674346208572388,0.0,0.0
29.694272994995117,0.0,0.0
29.714375495910645,0.0,0.0
29.73624610900879,0.0,0.0
29.75429058074951,0.0,0.0
29.776010274887085,0.0,0.0
29.794392347335815,0.0,0.0
29.814175128936768,0.0,0.0
29.834258317947388,0.0,0.0
29.85436487197876,0.0,0.0
29.874294757843018,0.0,0.0
29.894365310668945,0.0,0.0
29.914361000061035,0.0,0.0
29.9342839717865,0.0,0.0
29.954333782196045,0.0,0.0
29.9746253490448,0.0,0.0
29.994268655776978,0.0,0.0
30.014233827590942,0.0,0.0
30.034295082092285,0.0,0.0
30.054296016693115,0.0,0.0
30.074300289154053,0.0,0.0
30.09428095817566,0.0,0.0
30.11426091194153,0.0,0.0
30.134440660476685,0.0,0.0
30.154408931732178,0.0,0.0
30.174306869506836,0.0,0.0
30.19446325302124,0.0,0.0
30.214358806610107,0.0,0.0
30.23428177833557,0.0,0.0
30.254314184188843,0.0,0.0
30.27424716949463,0.0,0.0
30.294246435165405,0.0,0.0
30.314226150512695,0.0,0.0
30.334431409835815,0.0,0.0
30.354543924331665,0.0,0.0
30.374656915664673,0.0,0.0
30.39449191093445,0.0,0.0
30.414355993270874,0.0,0.0
30.434412956237793,0.0,0.0
30.45433020591736,0.0,0.0
30.474292993545532,0.0,0.0
30.4943106174469,0.0,0.0
30.514177083969116,0.0,0.0
30.53419804573059,0.0,0.0
30.55443024635315,0.0,0.0
30.574299573898315,0.0,0.0
30.594348669052124,0.0,0.0
30.614437341690063,0.0,0.0
30.634406805038452,0.0,0.0
30.654406309127808,0.0,0.0
30.67485475540161,0.0,0.0
30.694334268569946,0.0,0.0
30.714298009872437,0.0,0.0
30.73440980911255,0.0,0.0
30.754282474517822,0.0,0.0
30.774188995361328,0.0,0.0
30.79424738883972,0.0,0.0
30.814335823059082,0.0,0.0
30.834429025650024,0.0,0.0
30.854386568069458,0.0,0.0
30.87429714202881,0.0,0.0
30.894561767578125,0.0,0.0
30.914281129837036,0.0,0.0
30.934314966201782,0.0,0.0
30.95429039001465,0.0,0.0
30.974733114242554,0.0,0.0
30.994314670562744,0.0,0.0
31.014111280441284,0.0,0.0
31.03439235687256,0.0,0.0
31.054307222366333,0.0,0.0
31.074392557144165,0.0,0.0
31.094252347946167,0.0,0.0
31.115801095962524,0.0,0.0
31.13437533378601,0.0,0.0
31.154523611068726,0.0,0.0
31.174380779266357,0.0,0.0
31.19448471069336,0.0,0.0
31.214355945587158,0.0,0.0
31.23435926437378,0.0,0.0
31.254350662231445,0.0,0.0
31.276194095611572,0.0,0.0
31.294331073760986,0.0,0.0
31.314409494400024,0.0,0.0
31.33439564704895,0.0,0.0
31.35434341430664,0.0,0.0
31.374361515045166,0.0,0.0
31.394362926483154,0.0,0.0
31.414349794387817,0.0,0.0
31.43433928489685,0.0,0.0
31.45436382293701,0.0,0.0
31.474360466003418,0.0,0.0
31.49439764022827,0.0,0.0
31.51434588432312,0.0,0.0
31.534356832504272,0.0,0.0
31.555378437042236,0.0,0.0
31.574357748031616,0.0,0.0
31.594356060028076,0.0,0.0
31.61438488960266,0.0,0.0
31.63435649871826,0.0,0.0
31.654369354248047,0.0,0.0
31.674378633499146,0.0,0.0
31.694340705871582,0.0,0.0
31.714317560195923,0.0,0.0
31.73437190055847,0.0,0.0
31.754408597946167,0.0,0.0
31.776182889938354,0.0,0.0
31.794384717941284,0.0,0.0
31.8145010471344,0.0,0.0
31.834351778030396,0.0,0.0
31.854432582855225,0.0,0.0
31.87436032295227,0.0,0.0
31.894323110580444,0.0,0.0
31.91434144973755,0.0,0.0
31.93427085876465,0.0,0.0
31.95431661605835,0.0,0.0
31.97431254386902,0.0,0.0
31.995984315872192,0.0,0.0
32.014294147491455,0.0,0.0
32.03436613082886,0.0,0.0
32.054412603378296,0.0,0.0
32.07438254356384,0.0,0.0
32.09428930282593,0.0,0.0
32.114293813705444,0.0,0.0
32.13435935974121,0.0,0.0
32.15432333946228,0.0,0.0
32.174325466156006,0.0,0.0
32.19434118270874,0.0,0.0
32.21497654914856,0.0,0.0
32.234286308288574,0.0,0.0
32.25432300567627,0.0,0.0
32.27436876296997,0.0,0.0
32.296154260635376,0.0,0.0
32.314330101013184,0.0,0.0
32.334351539611816,0.0,0.0
32.35440135002136,0.0,0.0
32.37432670593262,0.0,0.0
32.39435863494873,0.0,0.0
32.41434073448181,0.0,0.0
32.43447399139404,0.0,0.0
32.4543559551239,0.0,0.0
32.47435021400452,0.0,0.0
32.49440670013428,0.0,0.0
32.51441264152527,0.0,0.0
32.53437566757202,0.0,0.0
32.55436134338379,0.0,0.0
32.57431888580322,0.0,0.0
32.59433364868164,0.0,0.0
32.61466860771179,0.0,0.0
32.63432574272156,0.0,0.0
32.654300928115845,0.0,0.0
32.67434906959534,0.0,0.0
32.69433403015137,0.0,0.0
32.71704578399658,0.0,0.0
32.734309673309326,0.0,0.0
32.754348278045654,0.0,0.0
32.77436923980713,0.0,0.0
32.7943549156189,0.0,0.0
32.8144006729126,0.0,0.0
32.83436059951782,0.0,0.0
32.85434699058533,0.0,0.0
32.874340534210205,0.0,0.0
32.894346952438354,0.0,0.0
32.91449546813965,0.0,0.0
32.934351682662964,0.0,0.0
32.95437455177307,0.0,0.0
32.974334478378296,0.0,0.0
32.99433708190918,0.0,0.0
33.01435613632202,0.0,0.0
33.03430247306824,0.0,0.0
33.05430197715759,0.0,0.0
33.074381589889526,0.0,0.0
33.094329833984375,0.0,0.0
33.11435914039612,0.0,0.0
33.134361743927,0.0,0.0
33.1543710231781,0.0,0.0
33.174322843551636,0.0,0.0
33.194334745407104,0.0,0.0
33.214333057403564,0.0,0.0
33.23434829711914,0.0,0.0
33.25432801246643,0.0,0.0
33.274306774139404,0.0,0.0
33.29432463645935,0.0,0.0
33.314334869384766,0.0,0.0
33.33432102203369,0.0,0.0
33.35433650016785,0.0,0.0
33.37435460090637,0.0,0.0
33.394333362579346,0.0,0.0
33.414326429367065,0.0,0.0
33.434324741363525,0.0,0.0
33.45436882972717,0.0,0.0
33.474342823028564,0.0,0.0
33.49439072608948,0.0,0.0
33.51435613632202,0.0,0.0
33.53434658050537,0.0,0.0
33.556031227111816,0.0,0.0
33.574368953704834,0.0,0.0
33.594348192214966,0.0,0.0
33.61438298225403,0.0,0.0
33.63435077667236,0.0,0.0
33.65447473526001,0.0,0.0
33.67435622215271,0.0,0.0
33.69439625740051,0.0,0.0
33.71434473991394,0.0,0.0
33.73600649833679,0.0,0.0
33.754314661026,0.0,0.0
33.77434802055359,0.0,0.0
33.794336557388306,0.0,0.0
33.814348220825195,0.0,0.0
33.83433532714844,0.0,0.0
33.854321002960205,0.0,0.0
33.874351024627686,0.0,0.0
33.894331216812134,0.0,0.0
33.914334535598755,0.0,0.0
33.93427896499634,0.0,0.0
33.95431566238403,0.0,0.0
33.974339723587036,0.0,0.0
33.99434733390808,0.0,0.0
34.014320850372314,0.0,0.0
34.034326791763306,0.0,0.0
34.05437636375427,0.0,0.0
34.074341773986816,0.0,0.0
34.09716033935547,0.0,0.0
34.11444067955017,0.0,0.0
34.13434863090515,0.0,0.0
34.15448260307312,0.0,0.0
34.17447304725647,0.0,0.0
34.19437909126282,0.0,0.0
34.214452505111694,0.0,0.0
34.23438763618469,0.0,0.0
34.254441261291504,0.0,0.0
34.27442455291748,0.0,0.0
34.29445433616638,0.0,0.0
34.31697177886963,0.0,0.0
34.33443880081177,0.0,0.0
34.35445427894592,0.0,0.0
34.3743851184845,0.0,0.0
34.39443588256836,0.0,0.0
34.41447114944458,0.0,0.0
34.43446469306946,0.0,0.0
34.45591139793396,0.0,0.0
34.47442579269409,0.0,0.0
34.494444131851196,0.0,0.0
34.51448655128479,0.0,0.0
34.534462690353394,0.0,0.0
34.5544798374176,0.0,0.0
34.574421644210815,0.0,0.0
34.59445834159851,0.0,0.0
34.61448001861572,0.0,0.0
34.63455677032471,0.0,0.0
34.65448784828186,0.0,0.0
34.676817178726196,0.0,0.0
34.69448161125183,0.0,0.0
34.714468479156494,0.0,0.0
34.73443651199341,0.0,0.0
34.754470109939575,0.0,0.0
34.77443194389343,0.0,0.0
34.79446506500244,0.0,0.0
34.81447172164917,0.0,0.0
34.83439493179321,0.0,0.0
34.85443472862244,0.0,0.0
34.87439942359924,0.0,0.0
34.89447617530823,0.0,0.0
34.914464712142944,0.0,0.0
34.934582471847534,0.0,0.0
34.95457911491394,0.0,0.0
34.974531173706055,0.0,0.0
34.994632720947266,0.0,0.0
35.01465606689453,0.0,0.0
35.03518533706665,0.0,0.0
35.05457139015198,0.0,0.0
35.074641704559326,0.0,0.0
35.09442949295044,0.0,0.0
35.11456632614136,0.0,0.0
35.13461875915527,0.0,0.0
35.15468692779541,0.0,0.0
35.17560148239136,0.0,0.0
35.19448757171631,0.0,0.0
35.21468663215637,0.0,0.0
35.234580993652344,0.0,0.0
35.25452733039856,0.0,0.0
35.27463483810425,0.0,0.0
35.294453859329224,0.0,0.0
35.314436197280884,0.0,0.0
35.334333181381226,0.0,0.0
35.35436773300171,0.0,0.0
35.374332904815674,0.0,0.0
35.39436960220337,0.0,0.0
35.41443634033203,0.0,0.0
35.43439722061157,0.0,0.0
35.454466104507446,0.0,0.0
35.47450590133667,0.0,0.0
35.4944531917572,0.0,0.0
35.51450204849243,0.0,0.0
35.534425258636475,0.0,0.0
35.55444550514221,0.0,0.0
35.57440733909607,0.0,0.0
35.59441351890564,0.0,0.0
35.6145384311676,0.0,0.0
35.634501218795776,0.0,0.0
35.6545147895813,0.0,0.0
35.674519062042236,0.0,0.0
35.69446849822998,0.0,0.0
35.71441388130188,0.0,0.0
35.73441505432129,0.0,0.0
35.755133628845215,0.0,0.0
35.77706837654114,0.0,0.0
35.79449009895325,0.0,0.0
35.81444835662842,0.0,0.0
35.83437395095825,0.0,0.0
35.85439109802246,0.0,0.0
35.8743793964386,0.0,0.0
35.894444942474365,0.0,0.0
35.9144492149353,0.0,0.0
35.934314489364624,0.0,0.0
35.9543673992157,0.0,0.0
35.97438955307007,0.0,0.0
35.99581432342529,0.0,0.0
36.014498710632324,0.0,0.0
36.034366846084595,0.0,0.0
36.05446481704712,0.0,0.0
36.074442625045776,0.0,0.0
36.094430685043335,0.0,0.0
36.114500999450684,0.0,0.0
36.13599896430969,0.0,0.0
36.15442752838135,0.0,0.0
36.174463987350464,0.0,0.0
36.19444298744202,0.0,0.0
36.21448636054993,0.0,0.0
36.23447561264038,0.0,0.0
36.25446557998657,0.0,0.0
36.27440118789673,0.0,0.0
36.2944176197052,0.0,0.0
36.314459800720215,0.0,0.0
36.33629608154297,0.0,0.0
36.35441279411316,0.0,0.0
36.374462366104126,0.0,0.0
36.394895792007446,0.0,0.0
36.41728401184082,0.0,0.0
36.43433690071106,0.0,0.0
36.45432925224304,0.0,0.0
36.47435283660889,0.0,0.0
36.49439716339111,0.0,0.0
36.516855001449585,0.0,0.0
36.53447127342224,0.0,0.0
36.554429054260254,0.0,0.0
36.57437515258789,0.0,0.0
36.59438180923462,0.0,0.0
36.614468574523926,0.0,0.0
36.634440183639526,0.0,0.0
36.65426969528198,0.0,0.0
36.67429518699646,0.0,0.0
36.694239139556885,0.0,0.0
36.71438503265381,0.0,0.0
36.73423624038696,0.0,0.0
36.75417137145996,0.0,0.0
36.77436423301697,0.0,0.0
36.794442653656006,0.0,0.0
36.81450343132019,0.0,0.0
36.834481954574585,0.0,0.0
36.8543004989624,0.0,0.0
36.87428426742554,0.0,0.0
36.894224405288696,0.0,0.0
36.91432166099548,0.0,0.0
36.93416476249695,0.0,0.0
36.95419645309448,0.0,0.0
36.9742226600647,0.0,0.0
36.99431371688843,0.0,0.0
37.014198541641235,0.0,0.0
37.03418755531311,0.0,0.0
37.054354667663574,0.0,0.0
37.07434272766113,0.0,0.0
37.09442138671875,0.0,0.0
37.11438035964966,0.0,0.0
37.13424229621887,0.0,0.0
37.15426063537598,0.0,0.0
37.17427444458008,0.0,0.0
37.19438409805298,0.0,0.0
37.214258432388306,0.0,0.0
37.23418188095093,0.0,0.0
37.25426125526428,0.0,0.0
37.27415370941162,0.0,0.0
37.29424500465393,0.0,0.0
37.314340353012085,0.0,0.0
37.334372758865356,0.0,0.0
37.354405641555786,0.0,0.0
37.37446308135986,0.0,0.0
37.394285917282104,0.0,0.0
37.41442036628723,0.0,0.0
37.434192419052124,0.0,0.0
37.45439648628235,0.0,0.0
37.475125312805176,0.0,0.0
37.49434447288513,0.0,0.0
37.51585865020752,0.0,0.0
37.53435015678406,0.0,0.0
37.55422854423523,0.0,0.0
37.57435441017151,0.0,0.0
37.5942177772522,0.0,0.0
37.614450216293335,0.0,0.0
37.634422302246094,0.0,0.0
37.65442156791687,0.0,0.0
37.67443919181824,0.0,0.0
37.69701910018921,0.0,0.0
37.71424102783203,0.0,0.0
37.73434257507324,0.0,0.0
37.75422024726868,0.0,0.0
37.77428674697876,0.0,0.0
37.79439830780029,0.0,0.0
37.814268827438354,0.0,0.0
37.83437466621399,0.0,0.0
37.85424542427063,0.0,0.0
37.87427234649658,0.0,0.0
37.89423966407776,0.0,0.0
37.914294958114624,0.0,0.0
37.934966802597046,0.0,0.0
37.954108476638794,0.0,0.0
37.97427940368652,0.0,0.0
37.994343996047974,0.0,0.0
38.014410972595215,0.0,0.0
38.034231424331665,0.0,0.0
38.054351806640625,0.0,0.0
38.07424235343933,0.0,0.0
38.094274044036865,0.0,0.0
38.11424493789673,0.0,0.0
38.13421583175659,0.0,0.0
38.154255628585815,0.0,0.0
38.1743426322937,0.0,0.0
38.19430994987488,0.0,0.0
38.21440577507019,0.0,0.0
38.234299421310425,0.0,0.0
38.254279136657715,0.0,0.0
38.27433204650879,0.0,0.0
38.29416012763977,0.0,0.0
38.3144154548645,0.0,0.0
38.33417582511902,0.0,0.0
38.35425090789795,0.0,0.0
38.37425088882446,0.0,0.0
38.39442205429077,0.0,0.0
38.41427445411682,0.0,0.0
38.43418836593628,0.0,0.0
38.454267263412476,0.0,0.0
38.474348068237305,0.0,0.0
38.49433946609497,0.0,0.0
38.51442885398865,0.0,0.0
38.53435492515564,0.0,0.0
38.55443048477173,0.0,0.0
38.57432985305786,0.0,0.0
38.59481334686279,0.0,0.0
38.614197969436646,0.0,0.0
38.63433361053467,0.0,0.0
38.65429472923279,0.0,0.0
38.674349308013916,0.0,0.0
38.69702911376953,0.0,0.0
38.71427297592163,0.0,0.0
38.73419117927551,0.0,0.0
38.75435447692871,0.0,0.0
38.774240493774414,0.0,0.0
38.794414043426514,0.0,0.0
38.81489300727844,0.0,0.0
38.83443284034729,0.0,0.0
38.855759143829346,0.0,0.0
38.87442636489868,0.0,0.0
38.89442825317383,0.0,0.0
38.914443254470825,0.0,0.0
38.934181690216064,0.0,0.0
38.954373359680176,0.0,0.0
38.97426676750183,0.0,0.0
38.994304180145264,0.0,0.0
39.01428198814392,0.0,0.0
39.03439426422119,0.0,0.0
39.05425405502319,0.0,0.0
39.07441067695618,0.0,0.0
39.09436535835266,0.0,0.0
39.11442232131958,0.0,0.0
39.13731265068054,0.0,0.0
39.15442752838135,0.0,0.0
39.17423939704895,0.0,0.0
39.195788860321045,0.0,0.0
39.21434926986694,0.0,0.0
39.23416757583618,0.0,0.0
39.254183769226074,0.0,0.0
39.27430319786072,0.0,0.0
39.29587364196777,0.0,0.0
39.3141884803772,0.0,0.0
39.33438968658447,0.0,0.0
39.354400396347046,0.0,0.0
39.37430930137634,0.0,0.0
39.39428949356079,0.0,0.0
39.414175271987915,0.0,0.0
39.434324979782104,0.0,0.0
39.45444369316101,0.0,0.0
39.47432518005371,0.0,0.0
39.49428749084473,0.0,0.0
39.51685667037964,0.0,0.0
39.53427481651306,0.0,0.0
39.55423069000244,0.0,0.0
39.57439994812012,0.0,0.0
39.59414482116699,0.0,0.0
39.614384174346924,0.0,0.0
39.63436317443848,0.0,0.0
39.654401779174805,0.0,0.0
39.674440145492554,0.0,0.0
39.69540500640869,0.0,0.0
39.71425819396973,0.0,0.0
39.73616337776184,0.0,0.0
39.75448489189148,0.0,0.0
39.77443051338196,0.0,0.0
39.7945191860199,0.0,0.0
39.81417489051819,0.0,0.0
39.834524631500244,0.0,0.0
39.854498863220215,0.0,0.0
39.87445068359375,0.0,0.0
39.89452075958252,0.0,0.0
39.91449975967407,0.0,0.0
39.93431806564331,0.0,0.0
39.9545361995697,0.0,0.0
39.97427439689636,0.0,0.0
39.994529247283936,0.0,0.0
40.01468753814697,0.0,0.0
40.034414529800415,0.0,0.0
40.054511070251465,0.0,0.0
40.074328660964966,0.0,0.0
40.09453296661377,0.0,0.0
40.114280462265015,0.0,0.0
40.13435435295105,0.0,0.0
40.15435028076172,0.0,0.0
40.17445087432861,0.0,0.0
40.19410729408264,0.0,0.0
40.21435332298279,0.0,0.0
40.234153509140015,0.0,0.0
40.25432991981506,0.0,0.0
40.274160861968994,0.0,0.0
40.29430937767029,0.0,0.0
40.31412315368652,0.0,0.0
40.33430862426758,0.0,0.0
40.35407471656799,0.0,0.0
40.37424945831299,0.0,0.0
40.39434194564819,0.0,0.0
40.41425824165344,0.0,0.0
40.436838150024414,0.0,0.0
40.45440363883972,0.0,0.0
40.475229263305664,0.0,0.0
40.494261264801025,0.0,0.0
40.514399766922,0.0,0.0
40.5353364944458,0.0,0.0
40.55439043045044,0.0,0.0
40.57690358161926,0.0,0.0
40.59425735473633,0.0,0.0
40.61431121826172,0.0,0.0
40.63431477546692,0.0,0.0
40.65438747406006,0.0,0.0
40.67445516586304,0.0,0.0
40.694371461868286,0.0,0.0
40.714271783828735,0.0,0.0
40.73431086540222,0.0,0.0
40.754337787628174,0.0,0.0
40.774261236190796,0.0,0.0
40.79435157775879,0.0,0.0
40.814351081848145,0.0,0.0
40.83433771133423,0.0,0.0
40.85425329208374,0.0,0.0
40.87424302101135,0.0,0.0
40.894397020339966,0.0,0.0
40.91435694694519,0.0,0.0
40.93419885635376,0.0,0.0
40.95579648017883,0.0,0.0
40.97424602508545,0.0,0.0
40.99434471130371,0.0,0.0
41.01424837112427,0.0,0.0
41.03434491157532,0.0,0.0
41.05419421195984,0.0,0.0
41.07424998283386,0.0,0.0
41.09431529045105,0.0,0.0
41.11422514915466,0.0,0.0
41.13439750671387,0.0,0.0
41.15435981750488,0.0,0.0
41.175899028778076,0.0,0.0
41.19419479370117,0.0,0.0
41.21422505378723,0.0,0.0
41.234307527542114,0.0,0.0
41.25432109832764,0.0,0.0
41.27415108680725,0.0,0.0
41.2941575050354,0.0,0.0
41.314160108566284,0.0,0.0
41.334219217300415,0.0,0.0
41.354410886764526,0.0,0.0
41.37442493438721,0.0,0.0
41.39438199996948,0.0,0.0
41.41417217254639,0.0,0.0
41.434242725372314,0.0,0.0
41.45421552658081,0.0,0.0
41.474196910858154,0.0,0.0
41.49423885345459,0.0,0.0
41.51422095298767,0.0,0.0
41.5342857837677,0.0,0.0
41.56424522399902,0.0,0.0
41.57413649559021,0.0,0.0
41.60436940193176,0.0,0.0
41.61424374580383,0.0,0.0
41.63691592216492,0.0,0.0
41.654234886169434,0.0,0.0
41.67449617385864,0.0,0.0
41.6952440738678,0.0,0.0
41.714250564575195,0.0,0.0
41.73460125923157,0.0,0.0
41.7642138004303,0.0,0.0
41.774332761764526,0.0,0.0
41.794275522232056,0.0,0.0
41.81424617767334,0.0,0.0
41.83429932594299,0.0,0.0
41.85537791252136,0.0,0.0
41.874165534973145,0.0,0.0
41.89416813850403,0.0,0.0
41.91431522369385,0.0,0.0
41.934340476989746,0.0,0.0
41.954413414001465,0.0,0.0
41.97494649887085,0.0,0.0
41.99435758590698,0.0,0.0
42.01588797569275,0.0,0.0
42.03427481651306,0.0,0.0
42.05424451828003,0.0,0.0
42.07430171966553,0.0,0.0
42.09416627883911,0.0,0.0
42.11431884765625,0.0,0.0
42.134300231933594,0.0,0.0
42.154399394989014,0.0,0.0
42.17446446418762,0.0,0.0
42.19430065155029,0.0,0.0
42.214295387268066,0.0,0.0
42.23415231704712,0.0,0.0
42.25430178642273,0.0,0.0
42.27438807487488,0.0,0.0
42.296958208084106,0.0,0.0
42.314329862594604,0.0,0.0
42.33438801765442,0.0,0.0
42.35431361198425,0.0,0.0
42.37427854537964,0.0,0.0
42.39421772956848,0.0,0.0
42.41423845291138,0.0,0.0
42.434229373931885,0.0,0.0
42.45421838760376,0.0,0.0
42.47423505783081,0.0,0.0
42.49423599243164,0.0,0.0
42.51421642303467,0.0,0.0
42.534234285354614,0.0,0.0
42.55425047874451,0.0,0.0
42.57433605194092,0.0,0.0
42.594385623931885,0.0,0.0
42.61445665359497,0.0,0.0
42.63430905342102,0.0,0.0
42.65439224243164,0.0,0.0
42.675307750701904,0.0,0.0
42.69429349899292,0.0,0.0
42.71435809135437,0.0,0.0
42.73422646522522,0.0,0.0
42.75425934791565,0.0,0.0
42.77430868148804,0.0,0.0
42.7942841053009,0.0,0.0
42.81424379348755,0.0,0.0
42.834155797958374,0.0,0.0
42.85424041748047,0.0,0.0
42.87423658370972,0.0,0.0
42.89653921127319,0.0,0.0
42.91412353515625,0.0,0.0
42.93431568145752,0.0,0.0
42.95434522628784,0.0,0.0
42.97430729866028,0.0,0.0
42.99683952331543,0.0,0.0
43.01427221298218,0.0,0.0
43.03406620025635,0.0,0.0
43.054330587387085,0.0,0.0
43.07431983947754,0.0,0.0
43.09434199333191,0.0,0.0
43.114352226257324,0.0,0.0
43.13439416885376,0.0,0.0
43.15450930595398,0.0,0.0
43.17417812347412,0.0,0.0
43.19435739517212,0.0,0.0
43.214128255844116,0.0,0.0
43.23424506187439,0.0,0.0
43.25428485870361,0.0,0.0
43.27437996864319,0.0,0.0
43.29438662528992,0.0,0.0
43.314260721206665,0.0,0.0
43.334330320358276,0.0,0.0
43.35428786277771,0.0,0.0
43.37431812286377,0.0,0.0
43.39448046684265,0.0,0.0
43.41426420211792,0.0,0.0
43.434245586395264,0.0,0.0
43.45498847961426,0.0,0.0
43.47426629066467,0.0,0.0
43.49424886703491,0.0,0.0
43.51423907279968,0.0,0.0
43.5342652797699,0.0,0.0
43.554343938827515,0.0,0.0
43.574182987213135,0.0,0.0
43.594160079956055,0.0,0.0
43.6141459941864,0.0,0.0
43.6341507434845,0.0,0.0
43.65422439575195,0.0,0.0
43.67438983917236,0.0,0.0
43.69425654411316,0.0,0.0
43.71430563926697,0.0,0.0
43.73413562774658,0.0,0.0
43.75435471534729,0.0,0.0
43.77415895462036,0.0,0.0
43.794302225112915,0.0,0.0
43.8143892288208,0.0,0.0
43.835527420043945,0.0,0.0
43.854284048080444,0.0,0.0
43.87439584732056,0.0,0.0
43.895039081573486,0.0,0.0
43.914352893829346,0.0,0.0
43.93419909477234,0.0,0.0
43.95437288284302,0.0,0.0
43.97423219680786,0.0,0.0
43.9942843914032,0.0,0.0
44.01427388191223,0.0,0.0
44.03422546386719,0.0,0.0
44.05423092842102,0.0,0.0
44.074260234832764,0.0,0.0
44.09424018859863,0.0,0.0
44.11421179771423,0.0,0.0
44.13422703742981,0.0,0.0
44.154263734817505,0.0,0.0
44.17427325248718,0.0,0.0
44.19423747062683,0.0,0.0
44.214192152023315,0.0,0.0
44.23412775993347,0.0,0.0
44.2542462348938,0.0,0.0
44.274197816848755,0.0,0.0
44.297083377838135,0.0,0.0
44.31431221961975,0.0,0.0
44.3341748714447,0.0,0.0
44.35432696342468,0.0,0.0
44.37440538406372,0.0,0.0
44.39427137374878,0.0,0.0
44.41426205635071,0.0,0.0
44.43417000770569,0.0,0.0
44.4568247795105,0.0,0.0
44.47423219680786,0.0,0.0
44.49416661262512,0.0,0.0
44.51424813270569,0.0,0.0
44.534191370010376,0.0,0.0
44.554290533065796,0.0,0.0
44.57428026199341,0.0,0.0
44.59423899650574,0.0,0.0
44.614240646362305,0.0,0.0
44.636149644851685,0.0,0.0
44.65424585342407,0.0,0.0
44.67712736129761,0.0,0.0
44.69425678253174,0.0,0.0
44.71479344367981,0.0,0.0
44.73424029350281,0.0,0.0
44.754199504852295,0.0,0.0
44.77429151535034,0.0,0.0
44.79425120353699,0.0,0.0
44.814263582229614,0.0,0.0
44.83417296409607,0.0,0.0
44.85419678688049,0.0,0.0
44.87423586845398,0.0,0.0
44.894272327423096,0.0,0.0
44.91426944732666,0.0,0.0
44.93416881561279,0.0,0.0
44.954222440719604,0.0,0.0
44.97429823875427,0.0,0.0
44.99423813819885,0.0,0.0
45.01416087150574,0.0,0.0
45.034260988235474,0.0,0.0
45.055808544158936,0.0,0.0
45.074761152267456,0.0,0.0
45.09434485435486,0.0,0.0
45.11618447303772,0.0,0.0
45.13430905342102,0.0,0.0
45.154446601867676,0.0,0.0
45.174461126327515,0.0,0.0
45.194494009017944,0.0,0.0
45.21429443359375,0.0,0.0
45.23423457145691,0.0,0.0
45.25418424606323,0.0,0.0
45.27449321746826,0.0,0.0
45.29494285583496,0.0,0.0
45.314271211624146,0.0,0.0
45.33427691459656,0.0,0.0
45.3543062210083,0.0,0.0
45.37424373626709,0.0,0.0
45.39427375793457,0.0,0.0
45.41427540779114,0.0,0.0
45.434292793273926,0.0,0.0
45.45432376861572,0.0,0.0
45.47433280944824,0.0,0.0
45.494327545166016,0.0,0.0
45.514296531677246,0.0,0.0
45.53422713279724,0.0,0.0
45.554221391677856,0.0,0.0
45.57438945770264,0.0,0.0
45.59423303604126,0.0,0.0
45.61422252655029,0.0,0.0
45.6342830657959,0.0,0.0
45.65432095527649,0.0,0.0
45.674302101135254,0.0,0.0
45.69430589675903,0.0,0.0
45.714280128479004,0.0,0.0
45.734187841415405,0.0,0.0
45.754159927368164,0.0,0.0
45.774179458618164,0.0,0.0
45.79423427581787,0.0,0.0
45.814194679260254,0.0,0.0
45.83430099487305,0.0,0.0
45.85424876213074,0.0,0.0
45.87411141395569,0.0,0.0
45.89458250999451,0.0,0.0
45.91435360908508,0.0,0.0
45.936614990234375,0.0,0.0
45.95432114601135,0.0,0.0
45.97430920600891,0.0,0.0
45.99433875083923,0.0,0.0
46.01434373855591,0.0,0.0
46.0342161655426,0.0,0.0
46.05593919754028,0.0,0.0
46.07415294647217,0.0,0.0
46.09438943862915,0.0,0.0
46.11416673660278,0.0,0.0
46.13428473472595,0.0,0.0
46.154436349868774,0.0,0.0
46.17428016662598,0.0,0.0
46.19448232650757,0.0,0.0
46.2143611907959,0.0,0.0
46.234498500823975,0.0,0.0
46.2544732093811,0.0,0.0
46.27448129653931,0.0,0.0
46.29448962211609,0.0,0.0
46.31443405151367,0.0,0.0
46.33445739746094,0.0,0.0
46.35601043701172,0.0,0.0
46.3744900226593,0.0,0.0
46.39433407783508,0.0,0.0
46.41445446014404,0.0,0.0
46.434436559677124,0.0,0.0
46.454458475112915,0.0,0.0
46.47433137893677,0.0,0.0
46.494486808776855,0.0,0.0
46.514333963394165,0.0,0.0
46.536588191986084,0.0,0.0
46.55429649353027,0.0,0.0
46.5745587348938,0.0,0.0
46.59446620941162,0.0,0.0
46.615307569503784,0.0,0.0
46.63445568084717,0.0,0.0
46.65442943572998,0.0,0.0
46.67432188987732,0.0,0.0
46.69445061683655,0.0,0.0
46.714446783065796,0.0,0.0
46.73452091217041,0.0,0.0
46.75595831871033,0.0,0.0
46.77443027496338,0.0,0.0
46.794309854507446,0.0,0.0
46.81449246406555,0.0,0.0
46.83445739746094,0.0,0.0
46.85436391830444,0.0,0.0
46.87448334693909,0.0,0.0
46.8944308757782,0.0,0.0
46.91435790061951,0.0,0.0
46.93419408798218,0.0,0.0
46.954488039016724,0.0,0.0
46.97466015815735,0.0,0.0
46.99441719055176,0.0,0.0
47.014392375946045,0.0,0.0
47.03422260284424,0.0,0.0
47.05428123474121,0.0,0.0
47.074294567108154,0.0,0.0
47.09429216384888,0.0,0.0
47.11423373222351,0.0,0.0
47.13425660133362,0.0,0.0
47.154274225234985,0.0,0.0
47.1742799282074,0.0,0.0
47.19426202774048,0.0,0.0
47.214258909225464,0.0,0.0
47.234220027923584,0.0,0.0
47.254234313964844,0.0,0.0
47.27428317070007,0.0,0.0
47.29426836967468,0.0,0.0
47.31429171562195,0.0,0.0
47.334274768829346,0.0,0.0
47.35428428649902,0.0,0.0
47.37429904937744,0.0,0.0
47.39426851272583,0.0,0.0
47.41428828239441,0.0,0.0
47.43429708480835,0.0,0.0
47.454334020614624,0.0,0.0
47.4742476940155,0.0,0.0
47.49424386024475,0.0,0.0
47.51418685913086,0.0,0.0
47.53419613838196,0.0,0.0
47.55423331260681,0.0,0.0
47.574260234832764,0.0,0.0
47.594319105148315,0.0,0.0
47.61547613143921,0.0,0.0
47.63434934616089,0.0,0.0
47.65440535545349,0.0,0.0
47.6742582321167,0.0,0.0
47.69426226615906,0.0,0.0
47.714282512664795,0.0,0.0
47.734233379364014,0.0,0.0
47.754239082336426,0.0,0.0
47.774272441864014,0.0,0.0
47.79444766044617,0.0,0.0
47.814236879348755,0.0,0.0
47.834232568740845,0.0,0.0
47.854249238967896,0.0,0.0
47.87603712081909,0.0,0.0
47.89441180229187,0.0,0.0
47.914411783218384,0.0,0.0
47.93440890312195,0.0,0.0
47.954238414764404,0.0,0.0
47.97443962097168,0.0,0.0
47.994441509246826,0.0,0.0
48.014419078826904,0.0,0.0
48.03436756134033,0.0,0.0
48.05440163612366,0.0,0.0
48.07436156272888,0.0,0.0
48.094139099121094,0.0,0.0
48.11457943916321,0.0,0.0
48.134217500686646,0.0,0.0
48.15448522567749,0.0,0.0
48.17425346374512,0.0,0.0
48.19444298744202,0.0,0.0
48.214442014694214,0.0,0.0
48.23474669456482,0.0,0.0
48.255223751068115,0.0,0.0
48.274439573287964,0.0,0.0
48.29427123069763,0.0,0.0
48.31441807746887,0.0,0.0
48.33623933792114,0.0,0.0
48.35444211959839,0.0,0.0
48.37440204620361,0.0,0.0
48.39442467689514,0.0,0.0
48.41421914100647,0.0,0.0
48.43442440032959,0.0,0.0
48.45430064201355,0.0,0.0
48.47441029548645,0.0,0.0
48.49440622329712,0.0,0.0
48.514410734176636,0.0,0.0
48.53419828414917,0.0,0.0
48.554447650909424,0.0,0.0
48.57440495491028,0.0,0.0
48.594236612319946,0.0,0.0
48.61438536643982,0.0,0.0
48.63440704345703,0.0,0.0
48.65449094772339,0.0,0.0
48.67433047294617,0.0,0.0
48.694422006607056,0.0,0.0
48.71432137489319,0.0,0.0
48.73438000679016,0.0,0.0
48.75443959236145,0.0,0.0
48.77442932128906,0.0,0.0
48.794275999069214,0.0,0.0
48.81449007987976,0.0,0.0
48.83438420295715,0.0,0.0
48.85431933403015,0.0,0.0
48.87415790557861,0.0,0.0
48.89431715011597,0.0,0.0
48.91438817977905,0.0,0.0
48.9343478679657,0.0,0.0
48.95431470870972,0.0,0.0
48.9744918346405,0.0,0.0
48.99434685707092,0.0,0.0
49.01434779167175,0.0,0.0
49.03417086601257,0.0,0.0
49.05423879623413,0.0,0.0
49.074187994003296,0.0,0.0
49.094382762908936,0.0,0.0
49.1143856048584,0.0,0.0
49.13436818122864,0.0,0.0
49.154463052749634,0.0,0.0
49.174442529678345,0.0,0.0
49.19441819190979,0.0,0.0
49.214317321777344,0.0,0.0
49.234976053237915,0.0,0.0
49.254281759262085,0.0,0.0
49.27425456047058,0.0,0.0
49.294251918792725,0.0,0.0
49.314470529556274,0.0,0.0
49.3344030380249,0.0,0.0
49.35435438156128,0.0,0.0
49.374451875686646,0.0,0.0
49.39431810379028,0.0,0.0
49.414432764053345,0.0,0.0
49.43469572067261,0.0,0.0
49.45425081253052,0.0,0.0
49.47442364692688,0.0,0.0
49.49416399002075,0.0,0.0
49.51435351371765,0.0,0.0
49.53422522544861,0.0,0.0
49.55447959899902,0.0,0.0
49.57423973083496,0.0,0.0
49.59444618225098,0.0,0.0
49.61530947685242,0.0,0.0
49.634467363357544,0.0,0.0
49.654441833496094,0.0,0.0
49.676376819610596,0.0,0.0
49.69440007209778,0.0,0.0
49.7144832611084,0.0,0.0
49.734418869018555,0.0,0.0
49.75427770614624,0.0,0.0
49.77442169189453,0.0,0.0
49.794477462768555,0.0,0.0
49.81443428993225,0.0,0.0
49.83682560920715,0.0,0.0
49.854296922683716,0.0,0.0
49.874335050582886,0.0,0.0
49.894328594207764,0.0,0.0
49.9143340587616,0.0,0.0
49.93410301208496,0.0,0.0
49.95440602302551,0.0,0.0
49.97437524795532,0.0,0.0
49.9943585395813,0.0,0.0
50.01428294181824,0.0,0.0
50.034356117248535,0.0,0.0
50.05426502227783,0.0,0.0
50.074249029159546,0.0,0.0
50.09437870979309,0.0,0.0
50.11422300338745,0.0,0.0
50.13425397872925,0.0,0.0
50.15447115898132,0.0,0.0
50.1744167804718,0.0,0.0
50.194256067276,0.0,0.0
50.21444582939148,0.0,0.0
50.2342574596405,0.0,0.0
50.254294633865356,0.0,0.0
50.27426505088806,0.0,0.0
50.294265270233154,0.0,0.0
50.31445646286011,0.0,0.0
50.334256172180176,0.0,0.0
50.35422611236572,0.0,0.0
50.37433695793152,0.0,0.0
50.39428162574768,0.0,0.0
50.41426396369934,0.0,0.0
50.43438148498535,0.0,0.0
50.454267263412476,0.0,0.0
50.474361181259155,0.0,0.0
50.494325160980225,0.0,0.0
50.51427412033081,0.0,0.0
50.53450798988342,0.0,0.0
50.55447459220886,0.0,0.0
50.57446813583374,0.0,0.0
50.59622597694397,0.0,0.0
50.61430764198303,0.0,0.0
50.63443446159363,0.0,0.0
50.654457569122314,0.0,0.0
50.67444705963135,0.0,0.0
50.69425845146179,0.0,0.0
50.714473247528076,0.0,0.0
50.73439645767212,0.0,0.0
50.75423240661621,0.0,0.0
50.774410247802734,0.0,0.0
50.79437255859375,0.0,0.0
50.81438636779785,0.0,0.0
50.834187030792236,0.0,0.0
50.85441017150879,0.0,0.0
50.875126361846924,0.0,0.0
50.89430093765259,0.0,0.0
50.914406538009644,0.0,0.0
50.93443155288696,0.0,0.0
50.95813608169556,0.0,0.0
50.974437952041626,0.0,0.0
50.99447011947632,0.0,0.0
51.01442337036133,0.0,0.0
51.0342161655426,0.0,0.0
51.05499982833862,0.0,0.0
51.076979875564575,0.0,0.0
51.09434390068054,0.0,0.0
51.1142942905426,0.0,0.0
51.13437080383301,0.0,0.0
51.15505766868591,0.0,0.0
51.174315452575684,0.0,0.0
51.19425392150879,0.0,0.0
51.214425802230835,0.0,0.0
51.23426556587219,0.0,0.0
51.25431704521179,0.0,0.0
51.2743763923645,0.0,0.0
51.29600763320923,0.0,0.0
51.31431174278259,0.0,0.0
51.33430290222168,0.0,0.0
51.35428309440613,0.0,0.0
51.374248027801514,0.0,0.0
51.39429545402527,0.0,0.0
51.41428256034851,0.0,0.0
51.434314250946045,0.0,0.0
51.454352378845215,0.0,0.0
51.475807666778564,0.0,0.0
51.4943311214447,0.0,0.0
51.51437568664551,0.0,0.0
51.53426384925842,0.0,0.0
51.554344177246094,0.0,0.0
51.576762676239014,0.0,0.0
51.594258308410645,0.0,0.0
51.61430907249451,0.0,0.0
51.634270429611206,0.0,0.0
51.6543869972229,0.0,0.0
51.67533326148987,0.0,0.0
51.694366216659546,0.0,0.0
51.71524667739868,0.0,0.0
51.734299659729004,0.0,0.0
51.75427222251892,0.0,0.0
51.774290323257446,0.0,0.0
51.79433465003967,0.0,0.0
51.814393758773804,0.0,0.0
51.8343346118927,0.0,0.0
51.8543963432312,0.0,0.0
51.87440252304077,0.0,0.0
51.89440155029297,0.0,0.0
51.914400577545166,0.0,0.0
51.93524718284607,0.0,0.0
51.95434880256653,0.0,0.0
51.974342823028564,0.0,0.0
51.99441361427307,0.0,0.0
52.014357805252075,0.0,0.0
52.034289836883545,0.0,0.0
52.054322957992554,0.0,0.0
52.07434678077698,0.0,0.0
52.09435486793518,0.0,0.0
52.114314556121826,0.0,0.0
52.134313344955444,0.0,0.0
52.15433311462402,0.0,0.0
52.174405336380005,0.0,0.0
52.19433903694153,0.0,0.0
52.2143349647522,0.0,0.0
52.23431730270386,0.0,0.0
52.256298780441284,0.0,0.0
52.27429819107056,0.0,0.0
52.29437756538391,0.0,0.0
52.314372539520264,0.0,0.0
52.334455251693726,0.0,0.0
52.35429763793945,0.0,0.0
52.374348640441895,0.0,0.0
52.39432191848755,0.0,0.0
52.414347648620605,0.0,0.0
52.43431115150452,0.0,0.0
52.45432686805725,0.0,0.0
52.4742865562439,0.0,0.0
52.49435305595398,0.0,0.0
52.51432156562805,0.0,0.0
52.534343957901,0.0,0.0
52.55708408355713,0.0,0.0
52.574312686920166,0.0,0.0
52.594178199768066,0.0,0.0
52.61433553695679,0.0,0.0
52.63433051109314,0.0,0.0
52.65438199043274,0.0,0.0
52.67444944381714,0.0,0.0
52.69434428215027,0.0,0.0
52.71433472633362,0.0,0.0
52.73434638977051,0.0,0.0
52.75442171096802,0.0,0.0
52.774423360824585,0.0,0.0
52.7944073677063,0.0,0.0
52.81444954872131,0.0,0.0
52.83430504798889,0.0,0.0
52.854302406311035,0.0,0.0
52.87428140640259,0.0,0.0
52.89428424835205,0.0,0.0
52.9143009185791,0.0,0.0
52.93427133560181,0.0,0.0
52.95434045791626,0.0,0.0
52.97437286376953,0.0,0.0
52.9943482875824,0.0,0.0
53.014317750930786,0.0,0.0
53.03427076339722,0.0,0.0
53.054301261901855,0.0,0.0
53.07432007789612,0.0,0.0
53.09428429603577,0.0,0.0
53.114272594451904,0.0,0.0
53.13430166244507,0.0,0.0
53.15706467628479,0.0,0.0
53.17434096336365,0.0,0.0
53.19432616233826,0.0,0.0
53.214314460754395,0.0,0.0
53.2342848777771,0.0,0.0
53.25421738624573,0.0,0.0
53.27427411079407,0.0,0.0
53.2943000793457,0.0,0.0
53.314252853393555,0.0,0.0
53.33417320251465,0.0,0.0
53.35605549812317,0.0,0.0
53.37426471710205,0.0,0.0
53.394261837005615,0.0,0.0
53.41428327560425,0.0,0.0
53.43510317802429,0.0,0.0
53.454349517822266,0.0,0.0
53.47432589530945,0.0,0.0
53.494314432144165,0.0,0.0
53.514323472976685,0.0,0.0
53.53430533409119,0.0,0.0
53.55430197715759,0.0,0.0
53.57433557510376,0.0,0.0
53.59424614906311,0.0,0.0
53.61425423622131,0.0,0.0
53.63496732711792,0.0,0.0
53.65423512458801,0.0,0.0
53.67419767379761,0.0,0.0
53.69418120384216,0.0,0.0
53.71416616439819,0.0,0.0
53.734135389328,0.0,0.0
53.75410532951355,0.0,0.0
53.77417755126953,0.0,0.0
53.794188022613525,0.0,0.0
53.81416130065918,0.0,0.0
53.8341965675354,0.0,0.0
53.85464143753052,0.0,0.0
53.874387979507446,0.0,0.0
53.894795656204224,0.0,0.0
53.91425633430481,0.0,0.0
53.93418908119202,0.0,0.0
53.954153299331665,0.0,0.0
53.97419047355652,0.0,0.0
53.99419450759888,0.0,0.0
54.014153718948364,0.0,0.0
54.03416299819946,0.0,0.0
54.054277181625366,0.0,0.0
54.07417130470276,0.0,0.0
